title,CBS_project_nr,project_lead,orcid,ODISSEI_grant,publication,data used,data produced,code,programming language,data_design
Enhancing Accuracy in Country-Wide Agent-Based Epidemiological Modeling through the Application of 17 Million Individual-Level Microdata Points,,Ahmad Hesam,https://orcid.org/0000-0001-7331-1000,,https://doi.org/10.1101/2024.05.27.24307982,CBS microdata,,https://doi.org/10.5281/zenodo.11225732,,
Discontinuities in the Age-Victimisation Profile and the Determinants of Victimisation,8674,Anna Bindler,https://orcid.org/0000-0001-7585-0104,,https://doi.org/10.1093/ej/uead070,CBS microdata,,https://doi.org/10.5281/zenodo.8245834,Stata,"CITOTAB|https://doi.org/10.57934/0B01E410801D09AC|Kenmerken van deelnemers aan de Eindtoets Basisonderwijs van Cito; EXAMVOTAB|https://doi.org/10.57934/0B01E410801F54CA|Examengegevens van leerlingen in het voortgezet onderwijs; EXAMVOVAKTAB|https://doi.org/10.57934/0B01E4108037E8F2|Examenuitslagen per vak van leerlingen in het voortgezet onderwijs; GBAADRESOBJECTBUS|https://doi.org/10.57934/0B01E410802154D6|Adreskenmerken van personen die in de gemeentelijke bevolkingsregisters ingeschreven (hebben ge)staan; GBAHUISHOUDENSBUS|https://doi.org/10.57934/0B01E410802125BB|Huishoudenskenmerken van in de Gemeentelijke Basisadministratie Persoonsgegevens (GBA) ingeschreven personen; GBAMIGRATIEBUS|https://doi.org/10.57934/0B01E4108021267C|Migratiekenmerken van personen die in de Gemeentelijke Basisadministratie Persoonsgegevens (GBA) ingeschreven staan, gecoördineerd; GBAPERSOONTAB|https://doi.org/10.57934/0B01E410801F3161|Persoonskenmerken van alle in de Gemeentelijke Basis Administratie (GBA) ingeschreven personen, gecoördineerd; GECON|https://doi.org/10.57934/0B01E4108026844E|Gezondheidsenquête: gezondheid, medische contacten, leefstijl en preventief gedrag van de bevolking in Nederland; HOOGSTEOPLTAB|https://doi.org/10.57934/0B01E410801FD716|Hoogst behaald en hoogst gevolgd opleidingsniveau en opleidingsrichting van de bevolking in Nederland; IHI|https://doi.org/10.57934/0B01E4108021B63D|Inkomen van huishoudens; INHATAB|https://doi.org/10.57934/0B01E41080371196|Inkomen van huishoudens (revisie 2017); INPATAB|https://doi.org/10.57934/0B01E41080372FBD|Inkomen van personen (revisie 2017); INSCHRWPOTAB|https://doi.org/10.57934/0B01E410801D0DA1|Inschrijvingen van leerlingen in het basisonderwijs; KINDOUDERTAB|https://doi.org/10.57934/0B01E410801F9401|In de Gemeentelijke Basisadministratie Persoonsgegevens (GBA) ingeschreven personen en hun juridische ouders; NIETVSLGWBTAB|https://doi.org/10.57934/0B01E41080222A9C|Gemeente-, wijk- en buurtcodes van aanvullende verblijfsobjecten; ONDERWIJSINSCHRTAB|https://doi.org/10.57934/0B01E410801D0D3F|Kenmerken van inschrijvingen in diverse onderwijssoorten; OVIN|https://doi.org/10.57934/0B01E410802B3E81|Onderzoek Verplaatsingen in Nederland bevat gegevens over verplaatsingen op Nederlands grondgebied van personen woonachtig in Nederland.; POLISBUS|https://doi.org/10.57934/0B01E41080246112|Banen en lonen op basis van de Polisadministratie.; SPOLISBUS|https://doi.org/10.57934/0B01E4108024847A|Banen en lonen op basis van de Polisadministratie; VEHTAB|https://doi.org/10.57934/0B01E4108037363F|Vermogens van huishoudens; VSLGWBTAB|https://doi.org/10.57934/0B01E41080236A82|Gemeente-, wijk- en buurtcodes van een verblijfsobject; VSVTAB|https://doi.org/10.57934/0B01E41080201FD4|Voortijdig schoolverlaters versus schoolverlaters met een startkwalificatie en personen die in het onderwijs blijven (definitieve cijfers); ZVWZORGKOSTENTAB|https://doi.org/10.57934/0B01E410803582F7|Zorgkosten van Nederlandse ingezetenen met een basisverzekering"
Making Big Data Meaningful for a Promising Start (Kansrijke Start): data preparation,,Anton Schreuder,https://orcid.org/0000-0002-6602-1977,,,CBS microdata,,https://gitlab.com/erasmusmc-public-health/kansrijke_start/data_preparation,R; Python,
Sex and gender differences in primary care help-seeking for common somatic symptoms: a longitudinal study,8656,Aranka van Ballering,https://orcid.org/0000-0002-3491-8990,,https://doi.org/10.1080/02813432.2023.2191653,Lifelines; NPCD,,https://osf.io/7semh/,SPSS,
Housing Lock: Dutch Evidence on the Impact of Negative Home Equity on Household Mobility,7521,Asaf Bernstein,https://orcid.org/0000-0003-3811-0785,,https://doi.org/10.1257/pol.20150252,CBS microdata,,https://www.openicpsr.org/openicpsr/project/151222/version/V1/view,Stata,"BAANKENMERKENBUS|https://doi.org/10.57934/0B01E410801FD687|Kwalitatieve kenmerken van banen van werknemers; EIGENDOMWOZBAGTAB|https://doi.org/10.57934/0B01E4108026177A|WOZ-waarde en eigendom van woningen en niet-woningen; EIGENDOMWOZTAB|https://doi.org/10.57934/0B01E41080236680|WOZ-waarde van koop- en huurwoningen; GBAADRESOBJECTBUS|https://doi.org/10.57934/0B01E410802154D6|Adreskenmerken van personen die in de gemeentelijke bevolkingsregisters ingeschreven (hebben ge)staan; GBAHUISHOUDENSBUS|https://doi.org/10.57934/0B01E410802125BB|Huishoudenskenmerken van in de Gemeentelijke Basisadministratie Persoonsgegevens (GBA) ingeschreven personen; GBAOVERLIJDENTAB|https://doi.org/10.57934/0B01E410801F9338|Datum van overlijden van personen die ingeschreven staan in de Gemeentelijke Basisadministratie (GBA); GBAPERSOONTAB|https://doi.org/10.57934/0B01E410801F3161|Persoonskenmerken van alle in de Gemeentelijke Basis Administratie (GBA) ingeschreven personen, gecoördineerd; GEMEENTESTPLTAB|https://doi.org/10.57934/0B01E410803AF9BE|Gemeente Standplaats van de banen in december; GEMSTPLAATSBUS|https://doi.org/10.57934/0B01E41080216927|Gemeentecode Standplaats; GEMSTPLBUS|https://doi.org/10.57934/0B01E4108015CFAA|Baan van een werknemer (definitief, december, Polisadministratie); GEMWIJKSTPLTAB|https://doi.org/10.57934/0B01E4108033318E|Gemeente, wijk en woon-werk afstand van de standplaats van banen in december; HOOGSTEOPLTAB|https://doi.org/10.57934/0B01E410801FD716|Hoogst behaald en hoogst gevolgd opleidingsniveau en opleidingsrichting van de bevolking in Nederland; IHI|https://doi.org/10.57934/0B01E4108021B63D|Inkomen van huishoudens; INHATAB|https://doi.org/10.57934/0B01E41080371196|Inkomen van huishoudens (revisie 2017); INPATAB|https://doi.org/10.57934/0B01E41080372FBD|Inkomen van personen (revisie 2017); KINDOUDERTAB|https://doi.org/10.57934/0B01E410801F9401|In de Gemeentelijke Basisadministratie Persoonsgegevens (GBA) ingeschreven personen en hun juridische ouders; PENSAANSPRAAKOPTAB|https://doi.org/10.57934/0B01E410804ECB0E|Kenmerken van Pensioenaanspraken ouderdomspensioen; POLISBUS|https://doi.org/10.57934/0B01E41080246112|Banen en lonen op basis van de Polisadministratie.; RDWNPACTTAB|https://doi.org/10.57934/0B01E410802076AA|Motorvoertuigenpark met kenmerken van voertuigen op kentekenniveau.; SECMBUS|https://doi.org/10.57934/0B01E410801F627F|Personen sociaaleconomische categorie; SPOLISBUS|https://doi.org/10.57934/0B01E4108024847A|Banen en lonen op basis van de Polisadministratie; VEHTAB|https://doi.org/10.57934/0B01E4108037363F|Vermogens van huishoudens; VSLGWBTAB|https://doi.org/10.57934/0B01E41080236A82|Gemeente-, wijk- en buurtcodes van een verblijfsobject; VSLPOSTCODEBUS|https://doi.org/10.57934/0B01E41080218290|Numerieke postcode van een verblijfsobject; ZELFSTANDIGENTAB|https://doi.org/10.57934/0B01E410802020CE|Personen met inkomsten uit eigen onderneming"
Do Doctors Improve the Health Care of Their Parents? Evidence from Admission Lotteries,8275,Bas van der Klaauw,https://orcid.org/0000-0003-0476-9397,,https://doi.org/10.1257/app.20190629,CBS microdata,,https://www.openicpsr.org/openicpsr/project/119472/version/V2/view,Stata,"BIGTAB|https://doi.org/10.57934/0B01E410801FEF3F|Inschrijvingen in het register Beroepen In de Gezondheidszorg (BIG-register); GBAADRESOBJECTBUS|https://doi.org/10.57934/0B01E410802154D6|Adreskenmerken van personen die in de gemeentelijke bevolkingsregisters ingeschreven (hebben ge)staan; GBAHUISHOUDENSBUS|https://doi.org/10.57934/0B01E410802125BB|Huishoudenskenmerken van in de Gemeentelijke Basisadministratie Persoonsgegevens (GBA) ingeschreven personen; GBAOVERLIJDENTAB|https://doi.org/10.57934/0B01E410801F9338|Datum van overlijden van personen die ingeschreven staan in de Gemeentelijke Basisadministratie (GBA); GBAPERSOONTAB|https://doi.org/10.57934/0B01E410801F3161|Persoonskenmerken van alle in de Gemeentelijke Basis Administratie (GBA) ingeschreven personen, gecoördineerd; HDIPLOMAHBOTAB|https://doi.org/10.57934/0B01E410801D0C0D|Kenmerken van door studenten behaalde hoofddiploma's in het hoger beroepsonderwijs; HDIPLOMAWOTAB|https://doi.org/10.57934/0B01E410801D0C13|Kenmerken van door studenten behaalde hoofddiploma's in het wetenschappelijk onderwijs; HOOGSTEOPLTAB|https://doi.org/10.57934/0B01E410801FD716|Hoogst behaald en hoogst gevolgd opleidingsniveau en opleidingsrichting van de bevolking in Nederland; KINDOUDERTAB|https://doi.org/10.57934/0B01E410801F9401|In de Gemeentelijke Basisadministratie Persoonsgegevens (GBA) ingeschreven personen en hun juridische ouders; LBZBASISTAB|https://doi.org/10.57934/0B01E41080358DA7|Ziekenhuisopnamen Landelijke Basisregistratie Ziekenhuiszorg; MEDICIJNTAB|https://doi.org/10.57934/0B01E410801EEE64|Verstrekkingen van geneesmiddelen op 4 posities ATC-code aan personen; MSZSUBTRAJECTENTAB|https://doi.org/10.57934/0B01E41080352A13|Gesloten Diagnose Behandeling Combinatie-subtrajecten in de Medisch Specialistische Zorg; ZVWZORGKOSTENTAB|https://doi.org/10.57934/0B01E410803582F7|Zorgkosten van Nederlandse ingezetenen met een basisverzekering"
The Socioeconomic Distribution of Choice Quality: Evidence from Health Insurance in the Netherlands,8340,Benjamin Handel,,NA,https://doi.org/10.1257/aeri.20230314,CBS microdata,,https://www.openicpsr.org/openicpsr/project/196007/version/V1/view,Stata,"ABR|https://doi.org/10.57934/0B01E4108046DA46|Kenmerken van bedrijfseenheden; ABR_Regio|https://doi.org/10.57934/0B01E410801CBA03|Regiobase; BIJSTANDJAARBEDRAGTAB|https://doi.org/10.57934/0B01E410801615EE|Jaarbedragen van personen met een bijstandsuitkering; BIJSTANDPERSOONBUS|https://doi.org/10.57934/0B01E410801FB2F7|Kenmerken van uitkeringsperiodes van personen met een bijstandsuitkering; BIJSTANDPERSOONJAARBEDRAGTAB|https://doi.org/10.57934/0B01E410803BBD8A|Jaarbedragen personen met een bijstandsuitkering; BIJSTANDUITKERINGTAB|https://doi.org/10.57934/0B01E410801FB42A|Kenmerken van bijstandsuitkeringen; BIJSTANDVORDERINGTAB|https://doi.org/10.57934/0B01E4108021A79F|Kenmerken van vorderingen van gemeenten op (ex-)ontvangers van een bijstandsuitkering; DOODOORZTAB|https://doi.org/10.57934/0B01E410802359A7|Doodsoorzaken van personen die bij overlijden inwoners waren van Nederland; GBAADRESOBJECTBUS|https://doi.org/10.57934/0B01E410802154D6|Adreskenmerken van personen die in de gemeentelijke bevolkingsregisters ingeschreven (hebben ge)staan; GBAOVERLIJDENTAB|https://doi.org/10.57934/0B01E410801F9338|Datum van overlijden van personen die ingeschreven staan in de Gemeentelijke Basisadministratie (GBA); GBAPERSOONTAB|https://doi.org/10.57934/0B01E410801F3161|Persoonskenmerken van alle in de Gemeentelijke Basis Administratie (GBA) ingeschreven personen, gecoördineerd; GEBWMOTAB|https://doi.org/10.57934/0B01E410803A20BD|Personen die gebruik hebben gemaakt van bijdrageplichtige Wmo-maatwerkvoorzieningen; GEBZZVTAB|https://doi.org/10.57934/0B01E410801F2CF1|Personen die zorg zonder verblijf hebben ontvangen; GECON|https://doi.org/10.57934/0B01E4108026844E|Gezondheidsenquête: gezondheid, medische contacten, leefstijl en preventief gedrag van de bevolking in Nederland; HOOGSTEOPLTAB|https://doi.org/10.57934/0B01E410801FD716|Hoogst behaald en hoogst gevolgd opleidingsniveau en opleidingsrichting van de bevolking in Nederland; IHI|https://doi.org/10.57934/0B01E4108021B63D|Inkomen van huishoudens; INHATAB|https://doi.org/10.57934/0B01E41080371196|Inkomen van huishoudens (revisie 2017); INPATAB|https://doi.org/10.57934/0B01E41080372FBD|Inkomen van personen (revisie 2017); KINDOUDERTAB|https://doi.org/10.57934/0B01E410801F9401|In de Gemeentelijke Basisadministratie Persoonsgegevens (GBA) ingeschreven personen en hun juridische ouders; LMR_BASIS|https://doi.org/10.57934/0B01E4108030BCCB|Ziekenhuisopnamen voor RA-gebruik; MEDICIJNTAB|https://doi.org/10.57934/0B01E410801EEE64|Verstrekkingen van geneesmiddelen op 4 posities ATC-code aan personen; NIETVSLGWBTAB|https://doi.org/10.57934/0B01E41080222A9C|Gemeente-, wijk- en buurtcodes van aanvullende verblijfsobjecten; POLISBUS|https://doi.org/10.57934/0B01E41080246112|Banen en lonen op basis van de Polisadministratie.; SPOLISBUS|https://doi.org/10.57934/0B01E4108024847A|Banen en lonen op basis van de Polisadministratie; VEHTAB|https://doi.org/10.57934/0B01E4108037363F|Vermogens van huishoudens; VSLGWBTAB|https://doi.org/10.57934/0B01E41080236A82|Gemeente-, wijk- en buurtcodes van een verblijfsobject; ZORGZVTAB|https://doi.org/10.57934/0B01E410802170DA|Personen die zorg zonder verblijf hebben ontvangen_zorgzv; ZVWZORGKOSTENTAB|https://doi.org/10.57934/0B01E410803582F7|Zorgkosten van Nederlandse ingezetenen met een basisverzekering"
Divorce and diverging poverty rates: A risk and vulnerability approach,9999,Bram Hogendoorn,https://orcid.org/0000-0002-5805-4066,,https://doi.org/10.1111/jomf.12629,CBS microdata,,https://osf.io/mkcq5/,Stata,
Netherlands Integrated Database of Inequality in Organizations (NIDIO),9607,Christoph Janietz,https://orcid.org/0009-0006-0888-5650,,,CBS microdata,https://doi.org/10.34894/YQIIQV; https://doi.org/10.34894/63XWJB,https://osf.io/9b2xh/,Stata,"ABR|https://doi.org/10.57934/0B01E4108046DA46|Kenmerken van bedrijfseenheden; GBAPERSOONTAB|https://doi.org/10.57934/0B01E410801F3161|Persoonskenmerken van alle in de Gemeentelijke Basis Administratie (GBA) ingeschreven personen, gecoördineerd; HOOGSTEOPLTAB|https://doi.org/10.57934/0B01E410801FD716|Hoogst behaald en hoogst gevolgd opleidingsniveau en opleidingsrichting van de bevolking in Nederland; KINDOUDERTAB|https://doi.org/10.57934/0B01E410801F9401|In de Gemeentelijke Basisadministratie Persoonsgegevens (GBA) ingeschreven personen en hun juridische ouders; NEA|https://doi.org/10.57934/0B01E4108020485B|Nationale Enquête Arbeidsomstandigheden 2012; NFO|https://doi.org/10.57934/0B01E410802075E4|Statistiek financiën van Ondernemingen (NFO). Waardes van balans en resultatenrekening van de niet financiële ondernemingen.; PARTNERBUS|https://doi.org/10.57934/0B01E410801F942C|Persoonsidentificatiegegevens van alle in de Gemeentelijke Basisadministratie Persoonsgegevens (GBA) ingeschreven personen die op één adres met een partner een (samenwonend) paar vormen; POLISBUS|https://doi.org/10.57934/0B01E41080246112|Banen en lonen op basis van de Polisadministratie.; POLISHOOFDBAANBUS|https://doi.org/10.57934/0B01E41080277932|Hoofdbaan van werknemers op basis van Polisadministratie.; POLISLONGBAANTAB|https://doi.org/10.57934/0B01E41080387E31|Koppeltabel longitudinale banen van werknemers op basis van de Polisadministratie.; SFGO|https://doi.org/10.57934/0B01E410802B7B42|Financiële gegevens van grote ondernemingen (DANFLEX), balans gegevens en verlies- en winstrekening; SPOLISBUS|https://doi.org/10.57934/0B01E4108024847A|Banen en lonen op basis van de Polisadministratie; SPOLISHOOFDBAANBUS|https://doi.org/10.57934/0B01E41080277938|Hoofdbaan van werknemers op basis van Polisadministratie; SPOLISLONGBAANTAB|https://doi.org/10.57934/0B01E41080388D9D|Koppeltabel longitudinale banen van werknemers op basis van de Polisadministratie"
"Occupations, organizations, and the structure of wage inequality in the Netherlands",8419,Christoph Janietz,https://orcid.org/0009-0006-0888-5650,,https://doi.org/10.1016/j.rssm.2019.100468,CBS microdata,,https://osf.io/sf4q6/,Stata; R,"ABR|https://doi.org/10.57934/0B01E4108046DA46|Kenmerken van bedrijfseenheden; BAANKENMERKENBUS|https://doi.org/10.57934/0B01E410801FD687|Kwalitatieve kenmerken van banen van werknemers; BETAB|https://doi.org/10.57934/0B01E410802129F9|Bedrijven uit de Polisadministratie met hun economische activiteit en grootteklasse; GBAHUISHOUDENSBUS|https://doi.org/10.57934/0B01E410802125BB|Huishoudenskenmerken van in de Gemeentelijke Basisadministratie Persoonsgegevens (GBA) ingeschreven personen; GBAPERSOONTAB|https://doi.org/10.57934/0B01E410801F3161|Persoonskenmerken van alle in de Gemeentelijke Basis Administratie (GBA) ingeschreven personen, gecoördineerd; HOOGSTEOPLTAB|https://doi.org/10.57934/0B01E410801FD716|Hoogst behaald en hoogst gevolgd opleidingsniveau en opleidingsrichting van de bevolking in Nederland; IHI|https://doi.org/10.57934/0B01E4108021B63D|Inkomen van huishoudens; INHATAB|https://doi.org/10.57934/0B01E41080371196|Inkomen van huishoudens (revisie 2017); INPATAB|https://doi.org/10.57934/0B01E41080372FBD|Inkomen van personen (revisie 2017); KINDOUDERTAB|https://doi.org/10.57934/0B01E410801F9401|In de Gemeentelijke Basisadministratie Persoonsgegevens (GBA) ingeschreven personen en hun juridische ouders; KOPPELTABELIKVIDBAANRUGIDTAB|https://doi.org/10.57934/0B01E41080215BC4|Koppeltabel inkomstenverhouding volgens UWV en CBS; NEA|https://doi.org/10.57934/0B01E4108020485B|Nationale Enquête Arbeidsomstandigheden 2012; NFO|https://doi.org/10.57934/0B01E410802075E4|Statistiek financiën van Ondernemingen (NFO). Waardes van balans en resultatenrekening van de niet financiële ondernemingen.; PARTNERBUS|https://doi.org/10.57934/0B01E410801F942C|Persoonsidentificatiegegevens van alle in de Gemeentelijke Basisadministratie Persoonsgegevens (GBA) ingeschreven personen die op één adres met een partner een (samenwonend) paar vormen; POLISBUS|https://doi.org/10.57934/0B01E41080246112|Banen en lonen op basis van de Polisadministratie.; POLISHOOFDBAANBUS|https://doi.org/10.57934/0B01E41080277932|Hoofdbaan van werknemers op basis van Polisadministratie.; SECMBUS|https://doi.org/10.57934/0B01E410801F627F|Personen sociaaleconomische categorie; SECMDTFBUS|https://doi.org/10.57934/0B01E4108026F8C5|Personen deeltijdfactor sociaaleconomische categorie; SFGO|https://doi.org/10.57934/0B01E410802B7B42|Financiële gegevens van grote ondernemingen (DANFLEX), balans gegevens en verlies- en winstrekening; SPOLISBUS|https://doi.org/10.57934/0B01E4108024847A|Banen en lonen op basis van de Polisadministratie; SPOLISHOOFDBAANBUS|https://doi.org/10.57934/0B01E41080277938|Hoofdbaan van werknemers op basis van Polisadministratie; ZELFSTANDIGENMNDBEDRAGBUS|https://doi.org/10.57934/0B01E410801F78EA|Maandbedragen inkomsten uit eigen onderneming van personen"
Temporary employment and wage inequality over the life course,8419,Christoph Janietz,https://orcid.org/0009-0006-0888-5650,,https://doi.org/10.1093/esr/jcad075,CBS microdata,,https://osf.io/y7tnx/,Stata; R,"ABR|https://doi.org/10.57934/0B01E4108046DA46|Kenmerken van bedrijfseenheden; BAANKENMERKENBUS|https://doi.org/10.57934/0B01E410801FD687|Kwalitatieve kenmerken van banen van werknemers; BETAB|https://doi.org/10.57934/0B01E410802129F9|Bedrijven uit de Polisadministratie met hun economische activiteit en grootteklasse; GBAHUISHOUDENSBUS|https://doi.org/10.57934/0B01E410802125BB|Huishoudenskenmerken van in de Gemeentelijke Basisadministratie Persoonsgegevens (GBA) ingeschreven personen; GBAPERSOONTAB|https://doi.org/10.57934/0B01E410801F3161|Persoonskenmerken van alle in de Gemeentelijke Basis Administratie (GBA) ingeschreven personen, gecoördineerd; HOOGSTEOPLTAB|https://doi.org/10.57934/0B01E410801FD716|Hoogst behaald en hoogst gevolgd opleidingsniveau en opleidingsrichting van de bevolking in Nederland; IHI|https://doi.org/10.57934/0B01E4108021B63D|Inkomen van huishoudens; INHATAB|https://doi.org/10.57934/0B01E41080371196|Inkomen van huishoudens (revisie 2017); INPATAB|https://doi.org/10.57934/0B01E41080372FBD|Inkomen van personen (revisie 2017); KINDOUDERTAB|https://doi.org/10.57934/0B01E410801F9401|In de Gemeentelijke Basisadministratie Persoonsgegevens (GBA) ingeschreven personen en hun juridische ouders; KOPPELTABELIKVIDBAANRUGIDTAB|https://doi.org/10.57934/0B01E41080215BC4|Koppeltabel inkomstenverhouding volgens UWV en CBS; NEA|https://doi.org/10.57934/0B01E4108020485B|Nationale Enquête Arbeidsomstandigheden 2012; NFO|https://doi.org/10.57934/0B01E410802075E4|Statistiek financiën van Ondernemingen (NFO). Waardes van balans en resultatenrekening van de niet financiële ondernemingen.; PARTNERBUS|https://doi.org/10.57934/0B01E410801F942C|Persoonsidentificatiegegevens van alle in de Gemeentelijke Basisadministratie Persoonsgegevens (GBA) ingeschreven personen die op één adres met een partner een (samenwonend) paar vormen; POLISBUS|https://doi.org/10.57934/0B01E41080246112|Banen en lonen op basis van de Polisadministratie.; POLISHOOFDBAANBUS|https://doi.org/10.57934/0B01E41080277932|Hoofdbaan van werknemers op basis van Polisadministratie.; SECMBUS|https://doi.org/10.57934/0B01E410801F627F|Personen sociaaleconomische categorie; SECMDTFBUS|https://doi.org/10.57934/0B01E4108026F8C5|Personen deeltijdfactor sociaaleconomische categorie; SFGO|https://doi.org/10.57934/0B01E410802B7B42|Financiële gegevens van grote ondernemingen (DANFLEX), balans gegevens en verlies- en winstrekening; SPOLISBUS|https://doi.org/10.57934/0B01E4108024847A|Banen en lonen op basis van de Polisadministratie; SPOLISHOOFDBAANBUS|https://doi.org/10.57934/0B01E41080277938|Hoofdbaan van werknemers op basis van Polisadministratie; ZELFSTANDIGENMNDBEDRAGBUS|https://doi.org/10.57934/0B01E410801F78EA|Maandbedragen inkomsten uit eigen onderneming van personen"
Occupations and careers within organizations: Do organizations facilitate unequal wage growth?,8419,Christoph Janietz,https://orcid.org/0009-0006-0888-5650,,https://doi.org/10.1016/j.ssresearch.2024.103005,CBS microdata,,https://osf.io/eymg8/,Stata; R,"ABR|https://doi.org/10.57934/0B01E4108046DA46|Kenmerken van bedrijfseenheden; BAANKENMERKENBUS|https://doi.org/10.57934/0B01E410801FD687|Kwalitatieve kenmerken van banen van werknemers; BETAB|https://doi.org/10.57934/0B01E410802129F9|Bedrijven uit de Polisadministratie met hun economische activiteit en grootteklasse; GBAHUISHOUDENSBUS|https://doi.org/10.57934/0B01E410802125BB|Huishoudenskenmerken van in de Gemeentelijke Basisadministratie Persoonsgegevens (GBA) ingeschreven personen; GBAPERSOONTAB|https://doi.org/10.57934/0B01E410801F3161|Persoonskenmerken van alle in de Gemeentelijke Basis Administratie (GBA) ingeschreven personen, gecoördineerd; HOOGSTEOPLTAB|https://doi.org/10.57934/0B01E410801FD716|Hoogst behaald en hoogst gevolgd opleidingsniveau en opleidingsrichting van de bevolking in Nederland; IHI|https://doi.org/10.57934/0B01E4108021B63D|Inkomen van huishoudens; INHATAB|https://doi.org/10.57934/0B01E41080371196|Inkomen van huishoudens (revisie 2017); INPATAB|https://doi.org/10.57934/0B01E41080372FBD|Inkomen van personen (revisie 2017); KINDOUDERTAB|https://doi.org/10.57934/0B01E410801F9401|In de Gemeentelijke Basisadministratie Persoonsgegevens (GBA) ingeschreven personen en hun juridische ouders; KOPPELTABELIKVIDBAANRUGIDTAB|https://doi.org/10.57934/0B01E41080215BC4|Koppeltabel inkomstenverhouding volgens UWV en CBS; NEA|https://doi.org/10.57934/0B01E4108020485B|Nationale Enquête Arbeidsomstandigheden 2012; NFO|https://doi.org/10.57934/0B01E410802075E4|Statistiek financiën van Ondernemingen (NFO). Waardes van balans en resultatenrekening van de niet financiële ondernemingen.; PARTNERBUS|https://doi.org/10.57934/0B01E410801F942C|Persoonsidentificatiegegevens van alle in de Gemeentelijke Basisadministratie Persoonsgegevens (GBA) ingeschreven personen die op één adres met een partner een (samenwonend) paar vormen; POLISBUS|https://doi.org/10.57934/0B01E41080246112|Banen en lonen op basis van de Polisadministratie.; POLISHOOFDBAANBUS|https://doi.org/10.57934/0B01E41080277932|Hoofdbaan van werknemers op basis van Polisadministratie.; SECMBUS|https://doi.org/10.57934/0B01E410801F627F|Personen sociaaleconomische categorie; SECMDTFBUS|https://doi.org/10.57934/0B01E4108026F8C5|Personen deeltijdfactor sociaaleconomische categorie; SFGO|https://doi.org/10.57934/0B01E410802B7B42|Financiële gegevens van grote ondernemingen (DANFLEX), balans gegevens en verlies- en winstrekening; SPOLISBUS|https://doi.org/10.57934/0B01E4108024847A|Banen en lonen op basis van de Polisadministratie; SPOLISHOOFDBAANBUS|https://doi.org/10.57934/0B01E41080277938|Hoofdbaan van werknemers op basis van Polisadministratie; ZELFSTANDIGENMNDBEDRAGBUS|https://doi.org/10.57934/0B01E410801F78EA|Maandbedragen inkomsten uit eigen onderneming van personen"
"Essential Workers and Wage Inequality: Wage Differentials before and during the Covid-19 Pandemic, 2006 to 2022",8419,Christoph Janietz,https://orcid.org/0009-0006-0888-5650,,https://doi.org/10.1162/euso_a_00020,CBS microdata,,https://osf.io/yt4dj/,Stata; R,"ABR|https://doi.org/10.57934/0B01E4108046DA46|Kenmerken van bedrijfseenheden; BAANKENMERKENBUS|https://doi.org/10.57934/0B01E410801FD687|Kwalitatieve kenmerken van banen van werknemers; BETAB|https://doi.org/10.57934/0B01E410802129F9|Bedrijven uit de Polisadministratie met hun economische activiteit en grootteklasse; GBAHUISHOUDENSBUS|https://doi.org/10.57934/0B01E410802125BB|Huishoudenskenmerken van in de Gemeentelijke Basisadministratie Persoonsgegevens (GBA) ingeschreven personen; GBAPERSOONTAB|https://doi.org/10.57934/0B01E410801F3161|Persoonskenmerken van alle in de Gemeentelijke Basis Administratie (GBA) ingeschreven personen, gecoördineerd; HOOGSTEOPLTAB|https://doi.org/10.57934/0B01E410801FD716|Hoogst behaald en hoogst gevolgd opleidingsniveau en opleidingsrichting van de bevolking in Nederland; IHI|https://doi.org/10.57934/0B01E4108021B63D|Inkomen van huishoudens; INHATAB|https://doi.org/10.57934/0B01E41080371196|Inkomen van huishoudens (revisie 2017); INPATAB|https://doi.org/10.57934/0B01E41080372FBD|Inkomen van personen (revisie 2017); KINDOUDERTAB|https://doi.org/10.57934/0B01E410801F9401|In de Gemeentelijke Basisadministratie Persoonsgegevens (GBA) ingeschreven personen en hun juridische ouders; KOPPELTABELIKVIDBAANRUGIDTAB|https://doi.org/10.57934/0B01E41080215BC4|Koppeltabel inkomstenverhouding volgens UWV en CBS; NEA|https://doi.org/10.57934/0B01E4108020485B|Nationale Enquête Arbeidsomstandigheden 2012; NFO|https://doi.org/10.57934/0B01E410802075E4|Statistiek financiën van Ondernemingen (NFO). Waardes van balans en resultatenrekening van de niet financiële ondernemingen.; PARTNERBUS|https://doi.org/10.57934/0B01E410801F942C|Persoonsidentificatiegegevens van alle in de Gemeentelijke Basisadministratie Persoonsgegevens (GBA) ingeschreven personen die op één adres met een partner een (samenwonend) paar vormen; POLISBUS|https://doi.org/10.57934/0B01E41080246112|Banen en lonen op basis van de Polisadministratie.; POLISHOOFDBAANBUS|https://doi.org/10.57934/0B01E41080277932|Hoofdbaan van werknemers op basis van Polisadministratie.; SECMBUS|https://doi.org/10.57934/0B01E410801F627F|Personen sociaaleconomische categorie; SECMDTFBUS|https://doi.org/10.57934/0B01E4108026F8C5|Personen deeltijdfactor sociaaleconomische categorie; SFGO|https://doi.org/10.57934/0B01E410802B7B42|Financiële gegevens van grote ondernemingen (DANFLEX), balans gegevens en verlies- en winstrekening; SPOLISBUS|https://doi.org/10.57934/0B01E4108024847A|Banen en lonen op basis van de Polisadministratie; SPOLISHOOFDBAANBUS|https://doi.org/10.57934/0B01E41080277938|Hoofdbaan van werknemers op basis van Polisadministratie; ZELFSTANDIGENMNDBEDRAGBUS|https://doi.org/10.57934/0B01E410801F78EA|Maandbedragen inkomsten uit eigen onderneming van personen"
"Children's strains, parents' pains? How adult children's union dissolution influences older parents' health",,Damiano Uccheddu,https://orcid.org/0000-0002-6215-203X,,https://doi.org/10.20377/jfr-774,CBS microdata; SHARE,,https://doi.org/10.5281/zenodo.7443895,Stata,
Let's Stick Together: Peer Effects in Secondary School Choice and Variations by Student Socio-Economic Background,9232,Dieuwke Zwier,https://orcid.org/0000-0002-5898-5557,,https://doi.org/10.1093/esr/jcac033,CBS microdata; NCO,,https://osf.io/xt4cq/,Stata,"GBAADRESGEBEURTENISBUS|https://doi.org/10.57934/0B01E410801F8E7C|Kenmerken van verhuizingen binnen Nederland van personen die in de Gemeentelijke Basisadministratie Persoonsgegevens (GBA) ingeschreven staan.; GBAADRESOBJECTBUS|https://doi.org/10.57934/0B01E410802154D6|Adreskenmerken van personen die in de gemeentelijke bevolkingsregisters ingeschreven (hebben ge)staan; GBAPERSOONTAB|https://doi.org/10.57934/0B01E410801F3161|Persoonskenmerken van alle in de Gemeentelijke Basis Administratie (GBA) ingeschreven personen, gecoördineerd; HOOGSTEOPLTAB|https://doi.org/10.57934/0B01E410801FD716|Hoogst behaald en hoogst gevolgd opleidingsniveau en opleidingsrichting van de bevolking in Nederland; INHATAB|https://doi.org/10.57934/0B01E41080371196|Inkomen van huishoudens (revisie 2017); INPATAB|https://doi.org/10.57934/0B01E41080372FBD|Inkomen van personen (revisie 2017); KINDOUDERTAB|https://doi.org/10.57934/0B01E410801F9401|In de Gemeentelijke Basisadministratie Persoonsgegevens (GBA) ingeschreven personen en hun juridische ouders; NIETVSLGWBTAB|https://doi.org/10.57934/0B01E41080222A9C|Gemeente-, wijk- en buurtcodes van aanvullende verblijfsobjecten; VSLGWBTAB|https://doi.org/10.57934/0B01E41080236A82|Gemeente-, wijk- en buurtcodes van een verblijfsobject"
"Knowing me, knowing you: Socio-economic status and (segregation in) peer and parental networks in primary school",9232,Dieuwke Zwier,https://orcid.org/0000-0002-5898-5557,,https://doi.org/10.1016/j.socnet.2023.03.003,CBS microdata; PRIMS,,https://osf.io/fvqtc/,R,"GBAADRESGEBEURTENISBUS|https://doi.org/10.57934/0B01E410801F8E7C|Kenmerken van verhuizingen binnen Nederland van personen die in de Gemeentelijke Basisadministratie Persoonsgegevens (GBA) ingeschreven staan.; GBAADRESOBJECTBUS|https://doi.org/10.57934/0B01E410802154D6|Adreskenmerken van personen die in de gemeentelijke bevolkingsregisters ingeschreven (hebben ge)staan; GBAPERSOONTAB|https://doi.org/10.57934/0B01E410801F3161|Persoonskenmerken van alle in de Gemeentelijke Basis Administratie (GBA) ingeschreven personen, gecoördineerd; HOOGSTEOPLTAB|https://doi.org/10.57934/0B01E410801FD716|Hoogst behaald en hoogst gevolgd opleidingsniveau en opleidingsrichting van de bevolking in Nederland; INHATAB|https://doi.org/10.57934/0B01E41080371196|Inkomen van huishoudens (revisie 2017); INPATAB|https://doi.org/10.57934/0B01E41080372FBD|Inkomen van personen (revisie 2017); KINDOUDERTAB|https://doi.org/10.57934/0B01E410801F9401|In de Gemeentelijke Basisadministratie Persoonsgegevens (GBA) ingeschreven personen en hun juridische ouders; NIETVSLGWBTAB|https://doi.org/10.57934/0B01E41080222A9C|Gemeente-, wijk- en buurtcodes van aanvullende verblijfsobjecten; VSLGWBTAB|https://doi.org/10.57934/0B01E41080236A82|Gemeente-, wijk- en buurtcodes van een verblijfsobject"
Fatherhood and men's working hours in a part-time economy,8419,Dieuwke Zwier,https://orcid.org/0000-0002-5898-5557,,https://doi.org/10.1093/sf/soae081,CBS microdata,,https://osf.io/q23cs/,Stata,"ABR|https://doi.org/10.57934/0B01E4108046DA46|Kenmerken van bedrijfseenheden; BAANKENMERKENBUS|https://doi.org/10.57934/0B01E410801FD687|Kwalitatieve kenmerken van banen van werknemers; BETAB|https://doi.org/10.57934/0B01E410802129F9|Bedrijven uit de Polisadministratie met hun economische activiteit en grootteklasse; GBAHUISHOUDENSBUS|https://doi.org/10.57934/0B01E410802125BB|Huishoudenskenmerken van in de Gemeentelijke Basisadministratie Persoonsgegevens (GBA) ingeschreven personen; GBAPERSOONTAB|https://doi.org/10.57934/0B01E410801F3161|Persoonskenmerken van alle in de Gemeentelijke Basis Administratie (GBA) ingeschreven personen, gecoördineerd; HOOGSTEOPLTAB|https://doi.org/10.57934/0B01E410801FD716|Hoogst behaald en hoogst gevolgd opleidingsniveau en opleidingsrichting van de bevolking in Nederland; IHI|https://doi.org/10.57934/0B01E4108021B63D|Inkomen van huishoudens; INHATAB|https://doi.org/10.57934/0B01E41080371196|Inkomen van huishoudens (revisie 2017); INPATAB|https://doi.org/10.57934/0B01E41080372FBD|Inkomen van personen (revisie 2017); KINDOUDERTAB|https://doi.org/10.57934/0B01E410801F9401|In de Gemeentelijke Basisadministratie Persoonsgegevens (GBA) ingeschreven personen en hun juridische ouders; KOPPELTABELIKVIDBAANRUGIDTAB|https://doi.org/10.57934/0B01E41080215BC4|Koppeltabel inkomstenverhouding volgens UWV en CBS; NEA|https://doi.org/10.57934/0B01E4108020485B|Nationale Enquête Arbeidsomstandigheden 2012; NFO|https://doi.org/10.57934/0B01E410802075E4|Statistiek financiën van Ondernemingen (NFO). Waardes van balans en resultatenrekening van de niet financiële ondernemingen.; PARTNERBUS|https://doi.org/10.57934/0B01E410801F942C|Persoonsidentificatiegegevens van alle in de Gemeentelijke Basisadministratie Persoonsgegevens (GBA) ingeschreven personen die op één adres met een partner een (samenwonend) paar vormen; POLISBUS|https://doi.org/10.57934/0B01E41080246112|Banen en lonen op basis van de Polisadministratie.; POLISHOOFDBAANBUS|https://doi.org/10.57934/0B01E41080277932|Hoofdbaan van werknemers op basis van Polisadministratie.; SECMBUS|https://doi.org/10.57934/0B01E410801F627F|Personen sociaaleconomische categorie; SECMDTFBUS|https://doi.org/10.57934/0B01E4108026F8C5|Personen deeltijdfactor sociaaleconomische categorie; SFGO|https://doi.org/10.57934/0B01E410802B7B42|Financiële gegevens van grote ondernemingen (DANFLEX), balans gegevens en verlies- en winstrekening; SPOLISBUS|https://doi.org/10.57934/0B01E4108024847A|Banen en lonen op basis van de Polisadministratie; SPOLISHOOFDBAANBUS|https://doi.org/10.57934/0B01E41080277938|Hoofdbaan van werknemers op basis van Polisadministratie; ZELFSTANDIGENMNDBEDRAGBUS|https://doi.org/10.57934/0B01E410801F78EA|Maandbedragen inkomsten uit eigen onderneming van personen"
Be true to your school: School profiling and school sorting by socio-economic status,9232,Dieuwke Zwier,https://orcid.org/0000-0002-5898-5557,,https://doi.org/10.1016/j.ssresearch.2025.103239,CBS microdata; PRIMS; VOBAP,,https://osf.io/pfkmw,R; Stata,"GBAADRESGEBEURTENISBUS|https://doi.org/10.57934/0B01E410801F8E7C|Kenmerken van verhuizingen binnen Nederland van personen die in de Gemeentelijke Basisadministratie Persoonsgegevens (GBA) ingeschreven staan.; GBAADRESOBJECTBUS|https://doi.org/10.57934/0B01E410802154D6|Adreskenmerken van personen die in de gemeentelijke bevolkingsregisters ingeschreven (hebben ge)staan; GBAPERSOONTAB|https://doi.org/10.57934/0B01E410801F3161|Persoonskenmerken van alle in de Gemeentelijke Basis Administratie (GBA) ingeschreven personen, gecoördineerd; HOOGSTEOPLTAB|https://doi.org/10.57934/0B01E410801FD716|Hoogst behaald en hoogst gevolgd opleidingsniveau en opleidingsrichting van de bevolking in Nederland; INHATAB|https://doi.org/10.57934/0B01E41080371196|Inkomen van huishoudens (revisie 2017); INPATAB|https://doi.org/10.57934/0B01E41080372FBD|Inkomen van personen (revisie 2017); KINDOUDERTAB|https://doi.org/10.57934/0B01E410801F9401|In de Gemeentelijke Basisadministratie Persoonsgegevens (GBA) ingeschreven personen en hun juridische ouders; NIETVSLGWBTAB|https://doi.org/10.57934/0B01E41080222A9C|Gemeente-, wijk- en buurtcodes van aanvullende verblijfsobjecten; VSLGWBTAB|https://doi.org/10.57934/0B01E41080236A82|Gemeente-, wijk- en buurtcodes van een verblijfsobject"
One Track Mind: Secondary Effects in School Choice and Social Capital in a Stratified System,9232,Dieuwke Zwier,https://orcid.org/0000-0002-5898-5557,,https://doi.org/10.1162/euso_a_00033,CBS microdata; PRIMS; VOBAP ,,https://osf.io/wefns/?view_only=e4b2911baf2a4e09a549e31b7a838bd4,Stata; R,"GBAADRESGEBEURTENISBUS|https://doi.org/10.57934/0B01E410801F8E7C|Kenmerken van verhuizingen binnen Nederland van personen die in de Gemeentelijke Basisadministratie Persoonsgegevens (GBA) ingeschreven staan.; GBAADRESOBJECTBUS|https://doi.org/10.57934/0B01E410802154D6|Adreskenmerken van personen die in de gemeentelijke bevolkingsregisters ingeschreven (hebben ge)staan; GBAPERSOONTAB|https://doi.org/10.57934/0B01E410801F3161|Persoonskenmerken van alle in de Gemeentelijke Basis Administratie (GBA) ingeschreven personen, gecoördineerd; HOOGSTEOPLTAB|https://doi.org/10.57934/0B01E410801FD716|Hoogst behaald en hoogst gevolgd opleidingsniveau en opleidingsrichting van de bevolking in Nederland; INHATAB|https://doi.org/10.57934/0B01E41080371196|Inkomen van huishoudens (revisie 2017); INPATAB|https://doi.org/10.57934/0B01E41080372FBD|Inkomen van personen (revisie 2017); KINDOUDERTAB|https://doi.org/10.57934/0B01E410801F9401|In de Gemeentelijke Basisadministratie Persoonsgegevens (GBA) ingeschreven personen en hun juridische ouders; NIETVSLGWBTAB|https://doi.org/10.57934/0B01E41080222A9C|Gemeente-, wijk- en buurtcodes van aanvullende verblijfsobjecten; VSLGWBTAB|https://doi.org/10.57934/0B01E41080236A82|Gemeente-, wijk- en buurtcodes van een verblijfsobject"
The Gender Gap in Workplace Authority: Variation across Types of Authority Positions,8419,Dragana Stojmenovska,https://orcid.org/0000-0002-9805-7229,,https://academic.oup.com/sf/article/100/2/599/6149304,CBS microdata,,https://stojmenovska.com/wp-content/uploads/2023/08/rp_2021_stojmenovska_steinmetz_volker_SF.zip,Stata,"ABR|https://doi.org/10.57934/0B01E4108046DA46|Kenmerken van bedrijfseenheden; BAANKENMERKENBUS|https://doi.org/10.57934/0B01E410801FD687|Kwalitatieve kenmerken van banen van werknemers; BETAB|https://doi.org/10.57934/0B01E410802129F9|Bedrijven uit de Polisadministratie met hun economische activiteit en grootteklasse; GBAHUISHOUDENSBUS|https://doi.org/10.57934/0B01E410802125BB|Huishoudenskenmerken van in de Gemeentelijke Basisadministratie Persoonsgegevens (GBA) ingeschreven personen; GBAPERSOONTAB|https://doi.org/10.57934/0B01E410801F3161|Persoonskenmerken van alle in de Gemeentelijke Basis Administratie (GBA) ingeschreven personen, gecoördineerd; HOOGSTEOPLTAB|https://doi.org/10.57934/0B01E410801FD716|Hoogst behaald en hoogst gevolgd opleidingsniveau en opleidingsrichting van de bevolking in Nederland; IHI|https://doi.org/10.57934/0B01E4108021B63D|Inkomen van huishoudens; INHATAB|https://doi.org/10.57934/0B01E41080371196|Inkomen van huishoudens (revisie 2017); INPATAB|https://doi.org/10.57934/0B01E41080372FBD|Inkomen van personen (revisie 2017); KINDOUDERTAB|https://doi.org/10.57934/0B01E410801F9401|In de Gemeentelijke Basisadministratie Persoonsgegevens (GBA) ingeschreven personen en hun juridische ouders; KOPPELTABELIKVIDBAANRUGIDTAB|https://doi.org/10.57934/0B01E41080215BC4|Koppeltabel inkomstenverhouding volgens UWV en CBS; NEA|https://doi.org/10.57934/0B01E4108020485B|Nationale Enquête Arbeidsomstandigheden 2012; NFO|https://doi.org/10.57934/0B01E410802075E4|Statistiek financiën van Ondernemingen (NFO). Waardes van balans en resultatenrekening van de niet financiële ondernemingen.; PARTNERBUS|https://doi.org/10.57934/0B01E410801F942C|Persoonsidentificatiegegevens van alle in de Gemeentelijke Basisadministratie Persoonsgegevens (GBA) ingeschreven personen die op één adres met een partner een (samenwonend) paar vormen; POLISBUS|https://doi.org/10.57934/0B01E41080246112|Banen en lonen op basis van de Polisadministratie.; POLISHOOFDBAANBUS|https://doi.org/10.57934/0B01E41080277932|Hoofdbaan van werknemers op basis van Polisadministratie.; SECMBUS|https://doi.org/10.57934/0B01E410801F627F|Personen sociaaleconomische categorie; SECMDTFBUS|https://doi.org/10.57934/0B01E4108026F8C5|Personen deeltijdfactor sociaaleconomische categorie; SFGO|https://doi.org/10.57934/0B01E410802B7B42|Financiële gegevens van grote ondernemingen (DANFLEX), balans gegevens en verlies- en winstrekening; SPOLISBUS|https://doi.org/10.57934/0B01E4108024847A|Banen en lonen op basis van de Polisadministratie; SPOLISHOOFDBAANBUS|https://doi.org/10.57934/0B01E41080277938|Hoofdbaan van werknemers op basis van Polisadministratie; ZELFSTANDIGENMNDBEDRAGBUS|https://doi.org/10.57934/0B01E410801F78EA|Maandbedragen inkomsten uit eigen onderneming van personen"
Gender Differences in Job Resources and Strains in Authority Positions,8419,Dragana Stojmenovska,https://orcid.org/0000-0002-9805-7229,,https://doi.org/10.1177/08912432231159334,CBS microdata,,https://stojmenovska.com/wp-content/uploads/2023/08/rp_2023_stojmenovska_GENDSOC.zip,Stata,"ABR|https://doi.org/10.57934/0B01E4108046DA46|Kenmerken van bedrijfseenheden; BAANKENMERKENBUS|https://doi.org/10.57934/0B01E410801FD687|Kwalitatieve kenmerken van banen van werknemers; BETAB|https://doi.org/10.57934/0B01E410802129F9|Bedrijven uit de Polisadministratie met hun economische activiteit en grootteklasse; GBAHUISHOUDENSBUS|https://doi.org/10.57934/0B01E410802125BB|Huishoudenskenmerken van in de Gemeentelijke Basisadministratie Persoonsgegevens (GBA) ingeschreven personen; GBAPERSOONTAB|https://doi.org/10.57934/0B01E410801F3161|Persoonskenmerken van alle in de Gemeentelijke Basis Administratie (GBA) ingeschreven personen, gecoördineerd; HOOGSTEOPLTAB|https://doi.org/10.57934/0B01E410801FD716|Hoogst behaald en hoogst gevolgd opleidingsniveau en opleidingsrichting van de bevolking in Nederland; IHI|https://doi.org/10.57934/0B01E4108021B63D|Inkomen van huishoudens; INHATAB|https://doi.org/10.57934/0B01E41080371196|Inkomen van huishoudens (revisie 2017); INPATAB|https://doi.org/10.57934/0B01E41080372FBD|Inkomen van personen (revisie 2017); KINDOUDERTAB|https://doi.org/10.57934/0B01E410801F9401|In de Gemeentelijke Basisadministratie Persoonsgegevens (GBA) ingeschreven personen en hun juridische ouders; KOPPELTABELIKVIDBAANRUGIDTAB|https://doi.org/10.57934/0B01E41080215BC4|Koppeltabel inkomstenverhouding volgens UWV en CBS; NEA|https://doi.org/10.57934/0B01E4108020485B|Nationale Enquête Arbeidsomstandigheden 2012; NFO|https://doi.org/10.57934/0B01E410802075E4|Statistiek financiën van Ondernemingen (NFO). Waardes van balans en resultatenrekening van de niet financiële ondernemingen.; PARTNERBUS|https://doi.org/10.57934/0B01E410801F942C|Persoonsidentificatiegegevens van alle in de Gemeentelijke Basisadministratie Persoonsgegevens (GBA) ingeschreven personen die op één adres met een partner een (samenwonend) paar vormen; POLISBUS|https://doi.org/10.57934/0B01E41080246112|Banen en lonen op basis van de Polisadministratie.; POLISHOOFDBAANBUS|https://doi.org/10.57934/0B01E41080277932|Hoofdbaan van werknemers op basis van Polisadministratie.; SECMBUS|https://doi.org/10.57934/0B01E410801F627F|Personen sociaaleconomische categorie; SECMDTFBUS|https://doi.org/10.57934/0B01E4108026F8C5|Personen deeltijdfactor sociaaleconomische categorie; SFGO|https://doi.org/10.57934/0B01E410802B7B42|Financiële gegevens van grote ondernemingen (DANFLEX), balans gegevens en verlies- en winstrekening; SPOLISBUS|https://doi.org/10.57934/0B01E4108024847A|Banen en lonen op basis van de Polisadministratie; SPOLISHOOFDBAANBUS|https://doi.org/10.57934/0B01E41080277938|Hoofdbaan van werknemers op basis van Polisadministratie; ZELFSTANDIGENMNDBEDRAGBUS|https://doi.org/10.57934/0B01E410801F78EA|Maandbedragen inkomsten uit eigen onderneming van personen"
Organizational demography and gender authority gaps in Dutch workplaces,8419,Dragana Stojmenovska,https://orcid.org/0000-0002-9805-7229,,https://doi.org/10.1016/j.rssm.2024.100937,CBS microdata,,https://stojmenovska.com/wp-content/uploads/2024/06/rp_2024_stojmenovska_RSSM.zip,Stata,"ABR|https://doi.org/10.57934/0B01E4108046DA46|Kenmerken van bedrijfseenheden; BAANKENMERKENBUS|https://doi.org/10.57934/0B01E410801FD687|Kwalitatieve kenmerken van banen van werknemers; BETAB|https://doi.org/10.57934/0B01E410802129F9|Bedrijven uit de Polisadministratie met hun economische activiteit en grootteklasse; GBAHUISHOUDENSBUS|https://doi.org/10.57934/0B01E410802125BB|Huishoudenskenmerken van in de Gemeentelijke Basisadministratie Persoonsgegevens (GBA) ingeschreven personen; GBAPERSOONTAB|https://doi.org/10.57934/0B01E410801F3161|Persoonskenmerken van alle in de Gemeentelijke Basis Administratie (GBA) ingeschreven personen, gecoördineerd; HOOGSTEOPLTAB|https://doi.org/10.57934/0B01E410801FD716|Hoogst behaald en hoogst gevolgd opleidingsniveau en opleidingsrichting van de bevolking in Nederland; IHI|https://doi.org/10.57934/0B01E4108021B63D|Inkomen van huishoudens; INHATAB|https://doi.org/10.57934/0B01E41080371196|Inkomen van huishoudens (revisie 2017); INPATAB|https://doi.org/10.57934/0B01E41080372FBD|Inkomen van personen (revisie 2017); KINDOUDERTAB|https://doi.org/10.57934/0B01E410801F9401|In de Gemeentelijke Basisadministratie Persoonsgegevens (GBA) ingeschreven personen en hun juridische ouders; KOPPELTABELIKVIDBAANRUGIDTAB|https://doi.org/10.57934/0B01E41080215BC4|Koppeltabel inkomstenverhouding volgens UWV en CBS; NEA|https://doi.org/10.57934/0B01E4108020485B|Nationale Enquête Arbeidsomstandigheden 2012; NFO|https://doi.org/10.57934/0B01E410802075E4|Statistiek financiën van Ondernemingen (NFO). Waardes van balans en resultatenrekening van de niet financiële ondernemingen.; PARTNERBUS|https://doi.org/10.57934/0B01E410801F942C|Persoonsidentificatiegegevens van alle in de Gemeentelijke Basisadministratie Persoonsgegevens (GBA) ingeschreven personen die op één adres met een partner een (samenwonend) paar vormen; POLISBUS|https://doi.org/10.57934/0B01E41080246112|Banen en lonen op basis van de Polisadministratie.; POLISHOOFDBAANBUS|https://doi.org/10.57934/0B01E41080277932|Hoofdbaan van werknemers op basis van Polisadministratie.; SECMBUS|https://doi.org/10.57934/0B01E410801F627F|Personen sociaaleconomische categorie; SECMDTFBUS|https://doi.org/10.57934/0B01E4108026F8C5|Personen deeltijdfactor sociaaleconomische categorie; SFGO|https://doi.org/10.57934/0B01E410802B7B42|Financiële gegevens van grote ondernemingen (DANFLEX), balans gegevens en verlies- en winstrekening; SPOLISBUS|https://doi.org/10.57934/0B01E4108024847A|Banen en lonen op basis van de Polisadministratie; SPOLISHOOFDBAANBUS|https://doi.org/10.57934/0B01E41080277938|Hoofdbaan van werknemers op basis van Polisadministratie; ZELFSTANDIGENMNDBEDRAGBUS|https://doi.org/10.57934/0B01E410801F78EA|Maandbedragen inkomsten uit eigen onderneming van personen"
Dutch Opportunity atlas: preprocessing,,Erik-Jan van Kesteren,https://orcid.org/0000-0003-1548-1663,MAD; SODA,https://kansenkaart.nl/,CBS microdata,,https://github.com/sodascience/kansenkaart_preprocessing,R,
Dutch Opportunity atlas: analysis,,Erik-Jan van Kesteren,https://orcid.org/0000-0003-1548-1663,MAD; SODA,https://kansenkaart.nl/,CBS microdata,,https://github.com/sodascience/kansenkaart_analysis,R,
Statistics Netherlands (CBS) Microdata: Merging datasets (generic),,Erwin Gielens,https://orcid.org/0000-0002-8022-6354,,,CBS microdata,,https://osf.io/46yqp/,R,
Medication of Postpartum Depression and Maternal Outcomes: Evidence from Geographic Variation in Dutch Prescribing,8666,Esmeè Zwiers,,,https://doi.org/10.3368/jhr.1021-11986R1,CBS microdata,,https://jhr.uwpress.org/content/early/2023/06/01/jhr.1021-11986R1/tab-supplemental,Stata,"CITOTAB|https://doi.org/10.57934/0B01E410801D09AC|Kenmerken van deelnemers aan de Eindtoets Basisonderwijs van Cito; EXAMVOTAB|https://doi.org/10.57934/0B01E410801F54CA|Examengegevens van leerlingen in het voortgezet onderwijs; GBAADRESOBJECTBUS|https://doi.org/10.57934/0B01E410802154D6|Adreskenmerken van personen die in de gemeentelijke bevolkingsregisters ingeschreven (hebben ge)staan; GBAPERSOONTAB|https://doi.org/10.57934/0B01E410801F3161|Persoonskenmerken van alle in de Gemeentelijke Basis Administratie (GBA) ingeschreven personen, gecoördineerd; GGZDBCTRAJECTENHOOFDDIAGTAB|https://doi.org/10.57934/0B01E410805A8376|Geopende Diagnose Behandeling Combinatie-trajecten in de Geestelijke Gezondheidszorg hoofddiagnose; GGZDBCTRAJECTENTAB|https://doi.org/10.57934/0B01E41080385766|Geopende Diagnose Behandeling Combinatie-trajecten in de Geestelijke Gezondheidszorg; INPATAB|https://doi.org/10.57934/0B01E41080372FBD|Inkomen van personen (revisie 2017); KINDOUDERTAB|https://doi.org/10.57934/0B01E410801F9401|In de Gemeentelijke Basisadministratie Persoonsgegevens (GBA) ingeschreven personen en hun juridische ouders; MEDICIJNTAB|https://doi.org/10.57934/0B01E410801EEE64|Verstrekkingen van geneesmiddelen op 4 posities ATC-code aan personen; NIETVSLGWBTAB|https://doi.org/10.57934/0B01E41080222A9C|Gemeente-, wijk- en buurtcodes van aanvullende verblijfsobjecten; SECMZIEKTEAOMNDBEDRAGBUS|https://doi.org/10.57934/0B01E4108021994B|Personen met een uitkering bij ziekte of arbeidsongeschiktheid in de verslagmaand; VSLGWBTAB|https://doi.org/10.57934/0B01E41080236A82|Gemeente-, wijk- en buurtcodes van een verblijfsobject; VSLPOSTCODEBUS|https://doi.org/10.57934/0B01E41080218290|Numerieke postcode van een verblijfsobject"
"The timing of parental unemployment, insurance and children's education",SES\208008SSBONT_SEC1,Gabriele Mari,https://orcid.org/0000-0001-8557-5337,,https://doi.org/10.1080/14616696.2023.2188550,CBS microdata,,https://osf.io/wnhm7/,Stata,
"Less for more? Cuts to child benefits, family adjustments, and long-run child outcomes in larger families",9102,Gabriele Mari,https://orcid.org/0000-0001-8557-5337,MAG2021,https://doi.org/10.1007/s00148-024-01029-4,CBS microdata,,https://osf.io/8mw5s/,Stata,BUDGETONDERZOEK|https://doi.org/10.57934/0B01E410802D4EDA|Het budgetonderzoek bevat gegevens over de (consumptieve) bestedingen bij particuliere huishoudens.; GBAADRESOBJECTBUS|https://doi.org/10.57934/0B01E410802154D6|Adreskenmerken van personen die in de gemeentelijke bevolkingsregisters ingeschreven (hebben ge)staan; GBAHUISHOUDENSBUS|https://doi.org/10.57934/0B01E410802125BB|Huishoudenskenmerken van in de Gemeentelijke Basisadministratie Persoonsgegevens (GBA) ingeschreven personen; GGZDBCGELEVERDZORGPROFIELTAB|https://doi.org/10.57934/0B01E41080385323|Geleverd zorgprofiel bij geopende Diagnose Behandeling Combinatie-trajecten in de Geestelijke Gezondheidszorg; GGZDBCTRAJECTENHOOFDDIAGTAB|https://doi.org/10.57934/0B01E410805A8376|Geopende Diagnose Behandeling Combinatie-trajecten in de Geestelijke Gezondheidszorg hoofddiagnose; GGZDBCTRAJECTENTAB|https://doi.org/10.57934/0B01E41080385766|Geopende Diagnose Behandeling Combinatie-trajecten in de Geestelijke Gezondheidszorg; HOOGSTEOPLTAB|https://doi.org/10.57934/0B01E410801FD716|Hoogst behaald en hoogst gevolgd opleidingsniveau en opleidingsrichting van de bevolking in Nederland; KINDOUDERTAB|https://doi.org/10.57934/0B01E410801F9401|In de Gemeentelijke Basisadministratie Persoonsgegevens (GBA) ingeschreven personen en hun juridische ouders; ONDERWIJSINSCHRTAB|https://doi.org/10.57934/0B01E410801D0D3F|Kenmerken van inschrijvingen in diverse onderwijssoorten; SECMWERKNDGAMNDBEDRAGBUS|https://doi.org/10.57934/0B01E41080219944|Personen met loon in de verslagmaand
Between kith and kin: Network centered measures of kinship,9471,Gita Huijgen,,,https://osf.io/preprints/socarxiv/rwhef_v1,CBS microdata,,https://github.com/temery86/KithKin,Stata; R,"BURENNETWERKTAB|https://doi.org/10.57934/0B01E410807607B7|Burennetwerk; FAMILIENETWERKTAB|https://doi.org/10.57934/0B01E41080760802|Familienetwerk; GBAADRESOBJECTBUS|https://doi.org/10.57934/0B01E410802154D6|Adreskenmerken van personen die in de gemeentelijke bevolkingsregisters ingeschreven (hebben ge)staan; GBAHUISHOUDENSBUS|https://doi.org/10.57934/0B01E410802125BB|Huishoudenskenmerken van in de Gemeentelijke Basisadministratie Persoonsgegevens (GBA) ingeschreven personen; GBAPERSOONTAB|https://doi.org/10.57934/0B01E410801F3161|Persoonskenmerken van alle in de Gemeentelijke Basis Administratie (GBA) ingeschreven personen, gecoördineerd; GEBWMOTAB|https://doi.org/10.57934/0B01E410803A20BD|Personen die gebruik hebben gemaakt van bijdrageplichtige Wmo-maatwerkvoorzieningen; HUISGENOTENNETWERKTAB|https://doi.org/10.57934/0B01E4108076077C|Huisgenotennetwerk; INHATAB|https://doi.org/10.57934/0B01E41080371196|Inkomen van huishoudens (revisie 2017); PGBWLZWMOJWTAB|https://doi.org/10.57934/0B01E410803AFB68|Personen met een besteed PGB ten laste van Wlz, Wmo 2015 en Jeugdwet; WMOBUS|https://doi.org/10.57934/0B01E4108039D60F|Kenmerken Wmo maatwerkarrangementen"
Multiple environmental exposures along daily mobility paths and depressive symptoms: A smartphone-based tracking study,8217,Hannah Roberts,https://orcid.org/0000-0001-6978-4737,MAD2020,https://doi.org/10.1016/j.envint.2021.106635,CBS microdata,,https://osf.io/ygs72/,R,"DOODOORZTAB|https://doi.org/10.57934/0B01E410802359A7|Doodsoorzaken van personen die bij overlijden inwoners waren van Nederland; GBAADRESOBJECTBUS|https://doi.org/10.57934/0B01E410802154D6|Adreskenmerken van personen die in de gemeentelijke bevolkingsregisters ingeschreven (hebben ge)staan; GBABURGERLIJKESTAATBUS|https://doi.org/10.57934/0B01E410802124B1|Burgerlijke staat van in de Gemeentelijke Basisadministratie Persoonsgegevens (GBA) opgenomen personen; GBAHUISHOUDENSBUS|https://doi.org/10.57934/0B01E410802125BB|Huishoudenskenmerken van in de Gemeentelijke Basisadministratie Persoonsgegevens (GBA) ingeschreven personen; GBAMIGRATIEBUS|https://doi.org/10.57934/0B01E4108021267C|Migratiekenmerken van personen die in de Gemeentelijke Basisadministratie Persoonsgegevens (GBA) ingeschreven staan, gecoördineerd; GBAOVERLIJDENTAB|https://doi.org/10.57934/0B01E410801F9338|Datum van overlijden van personen die ingeschreven staan in de Gemeentelijke Basisadministratie (GBA); GBAPERSOONTAB|https://doi.org/10.57934/0B01E410801F3161|Persoonskenmerken van alle in de Gemeentelijke Basis Administratie (GBA) ingeschreven personen, gecoördineerd; IHI|https://doi.org/10.57934/0B01E4108021B63D|Inkomen van huishoudens; INHATAB|https://doi.org/10.57934/0B01E41080371196|Inkomen van huishoudens (revisie 2017); INPATAB|https://doi.org/10.57934/0B01E41080372FBD|Inkomen van personen (revisie 2017); MEDICIJNTAB|https://doi.org/10.57934/0B01E410801EEE64|Verstrekkingen van geneesmiddelen op 4 posities ATC-code aan personen; NIETVSLGWBTAB|https://doi.org/10.57934/0B01E41080222A9C|Gemeente-, wijk- en buurtcodes van aanvullende verblijfsobjecten; SECMBUS|https://doi.org/10.57934/0B01E410801F627F|Personen sociaaleconomische categorie; VRLGBAADRESOBJECTBUS|https://doi.org/10.57934/0B01E410802126D3|Adreskenmerken van personen die in de gemeentelijke bevolkingsregisters ingeschreven (hebben ge)staan (niet gecoördineerd); VSLCOORDTAB|https://doi.org/10.57934/0B01E41080217F6A|X- en Y-coördinaten van een verblijfsobject; VSLGWBTAB|https://doi.org/10.57934/0B01E41080236A82|Gemeente-, wijk- en buurtcodes van een verblijfsobject"
Inequality in pandemic effects on school track placement and the role of social and academic embeddedness,9232,Herman G. van de Werfhorst,https://orcid.org/0000-0003-2323-3782,MAD2022,https://doi.org/10.1038/s41539-024-00283-1,CBS microdata,,https://osf.io/zf25j/,SPSS; Stata; R,"GBAADRESGEBEURTENISBUS|https://doi.org/10.57934/0B01E410801F8E7C|Kenmerken van verhuizingen binnen Nederland van personen die in de Gemeentelijke Basisadministratie Persoonsgegevens (GBA) ingeschreven staan.; GBAADRESOBJECTBUS|https://doi.org/10.57934/0B01E410802154D6|Adreskenmerken van personen die in de gemeentelijke bevolkingsregisters ingeschreven (hebben ge)staan; GBAPERSOONTAB|https://doi.org/10.57934/0B01E410801F3161|Persoonskenmerken van alle in de Gemeentelijke Basis Administratie (GBA) ingeschreven personen, gecoördineerd; HOOGSTEOPLTAB|https://doi.org/10.57934/0B01E410801FD716|Hoogst behaald en hoogst gevolgd opleidingsniveau en opleidingsrichting van de bevolking in Nederland; INHATAB|https://doi.org/10.57934/0B01E41080371196|Inkomen van huishoudens (revisie 2017); INPATAB|https://doi.org/10.57934/0B01E41080372FBD|Inkomen van personen (revisie 2017); KINDOUDERTAB|https://doi.org/10.57934/0B01E410801F9401|In de Gemeentelijke Basisadministratie Persoonsgegevens (GBA) ingeschreven personen en hun juridische ouders; NIETVSLGWBTAB|https://doi.org/10.57934/0B01E41080222A9C|Gemeente-, wijk- en buurtcodes van aanvullende verblijfsobjecten; VSLGWBTAB|https://doi.org/10.57934/0B01E41080236A82|Gemeente-, wijk- en buurtcodes van een verblijfsobject"
COVID-19 risk classifications,9520,Ilse Westerhof,https://orcid.org/0000-0001-7693-6137,,https://doi.org/10.1101/2024.09.06.24313189,CBS microdata,,https://github.com/IWesterhof/COVID-19-risk-classifications,R,"CIMS|https://doi.org/10.57934/0B01E4108076093F|COVID-19 vaccinatiegegevens uit het COVID-vaccinatie Informatie- en Monitoringssysteem; GBAADRESOBJECTBUS|https://doi.org/10.57934/0B01E410802154D6|Adreskenmerken van personen die in de gemeentelijke bevolkingsregisters ingeschreven (hebben ge)staan; GBAMIGRATIEBUS|https://doi.org/10.57934/0B01E4108021267C|Migratiekenmerken van personen die in de Gemeentelijke Basisadministratie Persoonsgegevens (GBA) ingeschreven staan, gecoördineerd; GBAOVERLIJDENTAB|https://doi.org/10.57934/0B01E410801F9338|Datum van overlijden van personen die ingeschreven staan in de Gemeentelijke Basisadministratie (GBA); GEBWLZTAB|https://doi.org/10.57934/0B01E410803A225D|Personen die gebruik hebben gemaakt van bijdrageplichtige Wlz-zorg; GGDCOVID19BM|https://doi.org/10.57934/0B01E410807621E2|COVID-19 besmettingsmeldingen uit HPZone Lite van de gemeentelijke gezondheidsdiensten; INDICWLZTAB|https://doi.org/10.57934/0B01E410803A042E|Door het CIZ afgegeven indicatie voor Wlz-zorg.; MEDICIJNTAB|https://doi.org/10.57934/0B01E410801EEE64|Verstrekkingen van geneesmiddelen op 4 posities ATC-code aan personen"
Prediction Gaps: Rethinking educational outcomes through differences in model performance, ,Javier Garcia-Bernardo, https://orcid.org/0000-0002-8886-0640,, https://arxiv.org/pdf/2506.22993, CBS microdata,,https://github.com/jgarciab/cbs_gnn_ads, Python,
Defining vulnerability subgroups among pregnant women using pre-pregnancy information: a latent class analysis,8552,Joyce Molenaar,https://orcid.org/0000-0002-8025-040X,,https://doi.org/10.1093/eurpub/ckac170,CBS microdata; Perined; Vektis,,https://github.com/rivm-syso/DIAPER,Stata,"AKWUITKERING1ATAB|https://doi.org/10.57934/0B01E410803711E9|Kenmerken van AKW-uitkeringen; AKWUITKERING1BTAB|https://doi.org/10.57934/0B01E410803F961C|Kenmerken van AKW-uitkeringen van kinderen; CITOTAB|https://doi.org/10.57934/0B01E410801D09AC|Kenmerken van deelnemers aan de Eindtoets Basisonderwijs van Cito; DGGBAPERSOONTAB|https://doi.org/10.57934/0B01E410802F9798|Persoonsidentificatoren van in het gemeentelijk register van overlijden ingeschreven doodgeboren personen; DOODOORZTAB|https://doi.org/10.57934/0B01E410802359A7|Doodsoorzaken van personen die bij overlijden inwoners waren van Nederland; EIGENDOMTAB|https://doi.org/10.57934/0B01E41080311CF4|Eigendom van woningen; GBAADRESOBJECTBUS|https://doi.org/10.57934/0B01E410802154D6|Adreskenmerken van personen die in de gemeentelijke bevolkingsregisters ingeschreven (hebben ge)staan; GBABURGERLIJKESTAATBUS|https://doi.org/10.57934/0B01E410802124B1|Burgerlijke staat van in de Gemeentelijke Basisadministratie Persoonsgegevens (GBA) opgenomen personen; GBAHUISHOUDENSBUS|https://doi.org/10.57934/0B01E410802125BB|Huishoudenskenmerken van in de Gemeentelijke Basisadministratie Persoonsgegevens (GBA) ingeschreven personen; GBALEVENDGEBORENENMASSATAB|https://doi.org/10.57934/0B01E410801F92DD|Persoonsidentificatoren van in de Gemeentelijke Basisadministratie Persoonsgegevens (GBA) ingeschreven levendgeboren personen; GBAOVERLIJDENTAB|https://doi.org/10.57934/0B01E410801F9338|Datum van overlijden van personen die ingeschreven staan in de Gemeentelijke Basisadministratie (GBA); GBAPERSOONTAB|https://doi.org/10.57934/0B01E410801F3161|Persoonskenmerken van alle in de Gemeentelijke Basis Administratie (GBA) ingeschreven personen, gecoördineerd; GBASCHEIDINGENMASSATAB|https://doi.org/10.57934/0B01E4108020FA61|Scheidingen waarbij ten minste één van de partners op het moment van de scheiding in het bevolkingsregister van een Nederlandse gemeente staat ingeschreven, per publicatiejaar; GBASTANDBEVOLKINGTAB|https://doi.org/10.57934/0B01E4108026F8CC|Gemeenteinschrijving en 4-cijferige postcode van de wettelijk vastgestelde bevolking op 1 januari van het jaar; GECON|https://doi.org/10.57934/0B01E4108026844E|Gezondheidsenquête: gezondheid, medische contacten, leefstijl en preventief gedrag van de bevolking in Nederland; GEDETINEERDENTAB|https://doi.org/10.57934/0B01E41080331B11|Strafrechtelijk gedetineerden met hun zwaarste misdrijf; GGZDBCDIAGNOSEHOOFDDIAGTAB|https://doi.org/10.57934/0B01E410805A7FDE|Nevendiagnosen bij Diagnose Behandeling Combinatie-trajecten in de Geestelijke Gezondheidszorg hoofddiagnose; GGZDBCDIAGNOSETAB|https://doi.org/10.57934/0B01E410803852A8|Nevendiagnosen bij Diagnose Behandeling Combinatie-trajecten in de Geestelijke Gezondheidszorg; GGZDBCTRAJECTENHOOFDDIAGTAB|https://doi.org/10.57934/0B01E410805A8376|Geopende Diagnose Behandeling Combinatie-trajecten in de Geestelijke Gezondheidszorg hoofddiagnose; GGZDBCTRAJECTENTAB|https://doi.org/10.57934/0B01E41080385766|Geopende Diagnose Behandeling Combinatie-trajecten in de Geestelijke Gezondheidszorg; HALTTAB|https://doi.org/10.57934/0B01E410801F4D81|Delictkenmerken van Haltjongeren van 12 tot 18 jaar; HDIPLOMAREGTAB|https://doi.org/10.57934/0B01E410801FEF57|Hoogst behaalde diploma op basis van onderwijsregistraties; HOOGSTEOPLTAB|https://doi.org/10.57934/0B01E410801FD716|Hoogst behaald en hoogst gevolgd opleidingsniveau en opleidingsrichting van de bevolking in Nederland; INHATAB|https://doi.org/10.57934/0B01E41080371196|Inkomen van huishoudens (revisie 2017); INSCHRWECTAB|https://doi.org/10.57934/0B01E410801D0C5A|Inschrijvingen van leerlingen in het speciaal onderwijs; JGDBESCHERMBUS|https://doi.org/10.57934/0B01E4108035B68C|Trajecten jeugdbescherming aan jeugdigen; JGDHULPBUS|https://doi.org/10.57934/0B01E4108035A027|Trajecten jeugdhulp aan jeugdigen; KINDOUDERTAB|https://doi.org/10.57934/0B01E410801F9401|In de Gemeentelijke Basisadministratie Persoonsgegevens (GBA) ingeschreven personen en hun juridische ouders; MEDICIJNTAB|https://doi.org/10.57934/0B01E410801EEE64|Verstrekkingen van geneesmiddelen op 4 posities ATC-code aan personen; MIGMOTIEFBUS|https://doi.org/10.57934/0B01E41080529B41|Migratiemotieven van immigranten met de buitenlandse nationaliteit; MSZPRESTATIESVEKTTAB|https://doi.org/10.57934/0B01E410805A2FAB|Geopende Diagnose Behandeling Combinatie-prestaties in de Medisch Specialistische Zorg; MSZZORGACTIVITEITENVEKTTAB|https://doi.org/10.57934/0B01E410805A2E2E|Zorgactiviteiten bij geopende Diagnose Behandeling Combinatie-subtrajecten in de Medisch Specialistische Zorg in het peiljaar; NABIJHEIDZORGTAB|https://doi.org/10.57934/0B01E41080238730|Nabijheid verblijfsobject en zorgvoorziening; NIETVSLGWBTAB|https://doi.org/10.57934/0B01E41080222A9C|Gemeente-, wijk- en buurtcodes van aanvullende verblijfsobjecten; ONDERWIJSDEELNEMERSTAB|https://doi.org/10.57934/0B01E410801F54A7|Kenmerken van deelnemers in het onderwijs; ONDERWIJSINSCHRTAB|https://doi.org/10.57934/0B01E410801D0D3F|Kenmerken van inschrijvingen in diverse onderwijssoorten; POLISBUS|https://doi.org/10.57934/0B01E41080246112|Banen en lonen op basis van de Polisadministratie.; RDWNPACTTAB|https://doi.org/10.57934/0B01E410802076AA|Motorvoertuigenpark met kenmerken van voertuigen op kentekenniveau.; SECMBUS|https://doi.org/10.57934/0B01E410801F627F|Personen sociaaleconomische categorie; SLOTAB|https://doi.org/10.57934/0B01E410801FE782|Geregistreerde slachtoffers van een misdrijf; SPOLISBUS|https://doi.org/10.57934/0B01E4108024847A|Banen en lonen op basis van de Polisadministratie; SPOLISLONGBAANTAB|https://doi.org/10.57934/0B01E41080388D9D|Koppeltabel longitudinale banen van werknemers op basis van de Polisadministratie; UWVONTAANVTAB|https://doi.org/10.57934/0B01E410801FD90A|Ontslagaanvragen bij het Uitvoeringsinstituut Werknemersverzekeringen (UWV); VEHTAB|https://doi.org/10.57934/0B01E4108037363F|Vermogens van huishoudens; VERDTAB|https://doi.org/10.57934/0B01E410801F4FA7|Delictkenmerken van personen die door de politie zijn geregistreerd als verdachte van een misdrijf; VRLGBABURGERLIJKESTAATBUS|https://doi.org/10.57934/0B01E410801F3174|Burgerlijke staat van in de Gemeentelijke Basisadministratie Persoonsgegevens (GBA) opgenomen personen niet-gecoördineerd; VRLMIGMOTBUS|https://doi.org/10.57934/0B01E4108021270E|Migratiemotieven van immigranten met een buitenlandse nationaliteit; VSLGWBTAB|https://doi.org/10.57934/0B01E41080236A82|Gemeente-, wijk- en buurtcodes van een verblijfsobject; VSLPOSTCODEBUS|https://doi.org/10.57934/0B01E41080218290|Numerieke postcode van een verblijfsobject; VSLVIERKANTTAB|https://doi.org/10.57934/0B01E41080218296|Coördinaten van de vierkanten van 100x100 en 500x500 meter waarin een verblijfsobject valt; VSVTAB|https://doi.org/10.57934/0B01E41080201FD4|Voortijdig schoolverlaters versus schoolverlaters met een startkwalificatie en personen die in het onderwijs blijven (definitieve cijfers); WANBZVWTAB|https://doi.org/10.57934/0B01E410801EEDE6|Personen met een betalingsachterstand zorgpremie, voorheen wanbetalers; WSNPTAB|https://doi.org/10.57934/0B01E41080218246|Personen die een schuldsanering hebben via de Wet schuldsanering natuurlijke personen; ZVWZORGKOSTENTAB|https://doi.org/10.57934/0B01E410803582F7|Zorgkosten van Nederlandse ingezetenen met een basisverzekering"
Gene-environment interaction analysis of school quality and educational inequality,,Kim Stienstra,https://orcid.org/0000-0002-9877-6215,MAG2019,https://doi.org/10.1038/s41539-024-00225-x,CBS microdata,,https://osf.io/xsgdt/,Stata; Mplus,
The development of inequality during primary education: investigating the genetic and environmental sources underlying learning differences,8614,Kim Stienstra,https://orcid.org/0000-0002-9877-6215,NA,https://doi.org/10.1093/sf/soag077,CBS microdata,,https://osf.io/kc9g3,Stata; Mplus,"CITOTAB|https://doi.org/10.57934/0B01E410801D09AC|Kenmerken van deelnemers aan de Eindtoets Basisonderwijs van Cito; GBAPERSOONTAB|https://doi.org/10.57934/0B01E410801F3161|Persoonskenmerken van alle in de Gemeentelijke Basis Administratie (GBA) ingeschreven personen, gecoördineerd; HOOGSTEOPLTAB|https://doi.org/10.57934/0B01E410801FD716|Hoogst behaald en hoogst gevolgd opleidingsniveau en opleidingsrichting van de bevolking in Nederland; INPATAB|https://doi.org/10.57934/0B01E41080372FBD|Inkomen van personen (revisie 2017); INSCHRWPOTAB|https://doi.org/10.57934/0B01E410801D0DA1|Inschrijvingen van leerlingen in het basisonderwijs; KINDOUDERTAB|https://doi.org/10.57934/0B01E410801F9401|In de Gemeentelijke Basisadministratie Persoonsgegevens (GBA) ingeschreven personen en hun juridische ouders"
Diversity in the pathway from medical student to specialist in the Netherlands: a retrospective cohort study,8642,Lianne Mulder,https://orcid.org/0000-0002-7899-2762,MAD2022,https://doi.org/10.1016/j.lanepe.2023.100749,CBS microdata,,https://doi.org/10.1016/j.lanepe.2023.100749,SPSS,"BETAB|https://doi.org/10.57934/0B01E410802129F9|Bedrijven uit de Polisadministratie met hun economische activiteit en grootteklasse; BIGTAB|https://doi.org/10.57934/0B01E410801FEF3F|Inschrijvingen in het register Beroepen In de Gezondheidszorg (BIG-register); EXAMVOTAB|https://doi.org/10.57934/0B01E410801F54CA|Examengegevens van leerlingen in het voortgezet onderwijs; GBAADRESOBJECTBUS|https://doi.org/10.57934/0B01E410802154D6|Adreskenmerken van personen die in de gemeentelijke bevolkingsregisters ingeschreven (hebben ge)staan; GBAPERSOONTAB|https://doi.org/10.57934/0B01E410801F3161|Persoonskenmerken van alle in de Gemeentelijke Basis Administratie (GBA) ingeschreven personen, gecoördineerd; INPATAB|https://doi.org/10.57934/0B01E41080372FBD|Inkomen van personen (revisie 2017); KINDOUDERTAB|https://doi.org/10.57934/0B01E410801F9401|In de Gemeentelijke Basisadministratie Persoonsgegevens (GBA) ingeschreven personen en hun juridische ouders; NIETVSLGWBTAB|https://doi.org/10.57934/0B01E41080222A9C|Gemeente-, wijk- en buurtcodes van aanvullende verblijfsobjecten; ONDERWIJSDEELNEMERSTAB|https://doi.org/10.57934/0B01E410801F54A7|Kenmerken van deelnemers in het onderwijs; ONDERWIJSPERSONEELTAB|https://doi.org/10.57934/0B01E410804B3B45|Baandelen van personeel in het onderwijs; PC4OADSTED|https://doi.org/10.57934/0B01E410801E28A0|Overzicht van alle numerieke delen van postcodes met bijbehorende stedelijkheidscategorie en omgevingsadressendichtheid; POLISBUS|https://doi.org/10.57934/0B01E41080246112|Banen en lonen op basis van de Polisadministratie.; SPOLISBUS|https://doi.org/10.57934/0B01E4108024847A|Banen en lonen op basis van de Polisadministratie; VEHTAB|https://doi.org/10.57934/0B01E4108037363F|Vermogens van huishoudens; VSLGWBTAB|https://doi.org/10.57934/0B01E41080236A82|Gemeente-, wijk- en buurtcodes van een verblijfsobject"
Inequality of opportunity in selection procedures limits diversity in higher education: An intersectional study of Dutch selective higher education programs,8642,Lianne Mulder,https://orcid.org/0000-0002-7899-2762,MAD2022,https://doi.org/10.1371/journal.pone.0292805,CBS microdata,,https://osf.io/uzcrw?view_only=7114b77c9f8b4062ab31f885ce331a65,SPSS,"BETAB|https://doi.org/10.57934/0B01E410802129F9|Bedrijven uit de Polisadministratie met hun economische activiteit en grootteklasse; BIGTAB|https://doi.org/10.57934/0B01E410801FEF3F|Inschrijvingen in het register Beroepen In de Gezondheidszorg (BIG-register); EXAMVOTAB|https://doi.org/10.57934/0B01E410801F54CA|Examengegevens van leerlingen in het voortgezet onderwijs; GBAADRESOBJECTBUS|https://doi.org/10.57934/0B01E410802154D6|Adreskenmerken van personen die in de gemeentelijke bevolkingsregisters ingeschreven (hebben ge)staan; GBAPERSOONTAB|https://doi.org/10.57934/0B01E410801F3161|Persoonskenmerken van alle in de Gemeentelijke Basis Administratie (GBA) ingeschreven personen, gecoördineerd; INPATAB|https://doi.org/10.57934/0B01E41080372FBD|Inkomen van personen (revisie 2017); KINDOUDERTAB|https://doi.org/10.57934/0B01E410801F9401|In de Gemeentelijke Basisadministratie Persoonsgegevens (GBA) ingeschreven personen en hun juridische ouders; NIETVSLGWBTAB|https://doi.org/10.57934/0B01E41080222A9C|Gemeente-, wijk- en buurtcodes van aanvullende verblijfsobjecten; ONDERWIJSDEELNEMERSTAB|https://doi.org/10.57934/0B01E410801F54A7|Kenmerken van deelnemers in het onderwijs; ONDERWIJSPERSONEELTAB|https://doi.org/10.57934/0B01E410804B3B45|Baandelen van personeel in het onderwijs; PC4OADSTED|https://doi.org/10.57934/0B01E410801E28A0|Overzicht van alle numerieke delen van postcodes met bijbehorende stedelijkheidscategorie en omgevingsadressendichtheid; POLISBUS|https://doi.org/10.57934/0B01E41080246112|Banen en lonen op basis van de Polisadministratie.; SPOLISBUS|https://doi.org/10.57934/0B01E4108024847A|Banen en lonen op basis van de Polisadministratie; VEHTAB|https://doi.org/10.57934/0B01E4108037363F|Vermogens van huishoudens; VSLGWBTAB|https://doi.org/10.57934/0B01E41080236A82|Gemeente-, wijk- en buurtcodes van een verblijfsobject"
Network Embeddings,9780,Malte Lüken,https://orcid.org/0000-0001-7095-203X,,,CBS microdata Network files,https://doi.org/10.34894/9JLZ4E; https://doi.org/10.34894/DRRGIV; https://doi.org/10.34894/VRNLKJ; https://doi.org/10.34894/RVVTRB,https://github.com/odissei-explainable-network/netaudit,R,BURENNETWERKTAB|https://doi.org/10.57934/0B01E410807607B7|Burennetwerk; COLLEGANETWERKTAB|https://doi.org/10.57934/0B01E410807607B1|Colleganetwerk; FAMILIENETWERKTAB|https://doi.org/10.57934/0B01E41080760802|Familienetwerk; GBAADRESOBJECTBUS|https://doi.org/10.57934/0B01E410802154D6|Adreskenmerken van personen die in de gemeentelijke bevolkingsregisters ingeschreven (hebben ge)staan; HOOGSTEOPLTAB|https://doi.org/10.57934/0B01E410801FD716|Hoogst behaald en hoogst gevolgd opleidingsniveau en opleidingsrichting van de bevolking in Nederland; HUISGENOTENNETWERKTAB|https://doi.org/10.57934/0B01E4108076077C|Huisgenotennetwerk; INPATAB|https://doi.org/10.57934/0B01E41080372FBD|Inkomen van personen (revisie 2017); INSCHRWPOTAB|https://doi.org/10.57934/0B01E410801D0DA1|Inschrijvingen van leerlingen in het basisonderwijs; KLASGENOTENNETWERKTAB|https://doi.org/10.57934/0B01E4108075F996|Klasgenotennetwerk
NEEDS (Dynamic Urban Environmental Exposures on Depression and Suicide),8217,Marco Helbich,https://orcid.org/0000-0003-0392-8915,MAD2020,https://doi.org/10.1016/j.landurbplan.2021.104181,CBS microdata,,https://github.com/UtrechtUniversity/streetview-greenery,Python,"DOODOORZTAB|https://doi.org/10.57934/0B01E410802359A7|Doodsoorzaken van personen die bij overlijden inwoners waren van Nederland; GBAADRESOBJECTBUS|https://doi.org/10.57934/0B01E410802154D6|Adreskenmerken van personen die in de gemeentelijke bevolkingsregisters ingeschreven (hebben ge)staan; GBABURGERLIJKESTAATBUS|https://doi.org/10.57934/0B01E410802124B1|Burgerlijke staat van in de Gemeentelijke Basisadministratie Persoonsgegevens (GBA) opgenomen personen; GBAHUISHOUDENSBUS|https://doi.org/10.57934/0B01E410802125BB|Huishoudenskenmerken van in de Gemeentelijke Basisadministratie Persoonsgegevens (GBA) ingeschreven personen; GBAMIGRATIEBUS|https://doi.org/10.57934/0B01E4108021267C|Migratiekenmerken van personen die in de Gemeentelijke Basisadministratie Persoonsgegevens (GBA) ingeschreven staan, gecoördineerd; GBAOVERLIJDENTAB|https://doi.org/10.57934/0B01E410801F9338|Datum van overlijden van personen die ingeschreven staan in de Gemeentelijke Basisadministratie (GBA); GBAPERSOONTAB|https://doi.org/10.57934/0B01E410801F3161|Persoonskenmerken van alle in de Gemeentelijke Basis Administratie (GBA) ingeschreven personen, gecoördineerd; IHI|https://doi.org/10.57934/0B01E4108021B63D|Inkomen van huishoudens; INHATAB|https://doi.org/10.57934/0B01E41080371196|Inkomen van huishoudens (revisie 2017); INPATAB|https://doi.org/10.57934/0B01E41080372FBD|Inkomen van personen (revisie 2017); MEDICIJNTAB|https://doi.org/10.57934/0B01E410801EEE64|Verstrekkingen van geneesmiddelen op 4 posities ATC-code aan personen; NIETVSLGWBTAB|https://doi.org/10.57934/0B01E41080222A9C|Gemeente-, wijk- en buurtcodes van aanvullende verblijfsobjecten; SECMBUS|https://doi.org/10.57934/0B01E410801F627F|Personen sociaaleconomische categorie; VRLGBAADRESOBJECTBUS|https://doi.org/10.57934/0B01E410802126D3|Adreskenmerken van personen die in de gemeentelijke bevolkingsregisters ingeschreven (hebben ge)staan (niet gecoördineerd); VSLCOORDTAB|https://doi.org/10.57934/0B01E41080217F6A|X- en Y-coördinaten van een verblijfsobject; VSLGWBTAB|https://doi.org/10.57934/0B01E41080236A82|Gemeente-, wijk- en buurtcodes van een verblijfsobject"
Timing of citizenship acquisition and immigrants' children educational outcomes: a family fixed-effects approach,,Marie Labussiére,https://orcid.org/0000-0003-4115-7883,,https://doi.org/10.1093/esr/jcad027,CBS microdata,,https://doi.org/10.7910/DVN/P39QGO,Stata,
Citizenship and education trajectories among children of immigrants: A transition-oriented sequence analysis,,Marie Labussiére,https://orcid.org/0000-0003-4115-7883,,https://doi.org/10.1016/j.alcr.2021.100433,CBS microdata,,https://doi.org/10.7910/DVN/VMMMCL,Stata,
"The intergenerational impact of naturalisation reforms: the citizenship status of children of immigrants in the Netherlands, 1995-2016",,Marie Labussiére,https://orcid.org/0000-0003-4115-7883,,https://doi.org/10.1080/1369183X.2020.1724533,CBS microdata,,https://doi.org/10.7910/DVN/5XYHJD,Stata,
Inequalities in Healthcare use during the COVID-19 pandemic,8951,Mark Verhagen,https://orcid.org/0000-0003-2746-0309,,https://doi.org/10.1038/s41467-024-45720-2,CBS microdata,,https://github.com/MarkDVerhagen/Dutch_healthcare_inequalities_COVID19,R,"GBAADRESOBJECTBUS|https://doi.org/10.57934/0B01E410802154D6|Adreskenmerken van personen die in de gemeentelijke bevolkingsregisters ingeschreven (hebben ge)staan; INDICWLZTAB|https://doi.org/10.57934/0B01E410803A042E|Door het CIZ afgegeven indicatie voor Wlz-zorg.; MSZGELEVERDZORGPROFIELTAB|https://doi.org/10.57934/0B01E41080352208|Geleverd zorgprofiel bij gesloten Diagnose Behandeling Combinatie-subtrajecten in de Medisch Specialistische Zorg; MSZOVERIGEZORGPRODUCTENTAB|https://doi.org/10.57934/0B01E41080352928|Overige Zorgproducten in de Medisch Specialistische Zorg; MSZSUBTRAJECTENTAB|https://doi.org/10.57934/0B01E41080352A13|Gesloten Diagnose Behandeling Combinatie-subtrajecten in de Medisch Specialistische Zorg; NIETVSLGWBTAB|https://doi.org/10.57934/0B01E41080222A9C|Gemeente-, wijk- en buurtcodes van aanvullende verblijfsobjecten; PGBWLZWMOJWTAB|https://doi.org/10.57934/0B01E410803AFB68|Personen met een besteed PGB ten laste van Wlz, Wmo 2015 en Jeugdwet; VSLGWBTAB|https://doi.org/10.57934/0B01E41080236A82|Gemeente-, wijk- en buurtcodes van een verblijfsobject; WLZZINTAB|https://doi.org/10.57934/0B01E410803BC5E8|Personen met gebruik Wlz-zorg in natura; ZVWWVPTAB|https://doi.org/10.57934/0B01E410803AFE83|Personen met gebruik van Zvw-Wijkverpleging; ZVWZORGKOSTENTAB|https://doi.org/10.57934/0B01E410803582F7|Zorgkosten van Nederlandse ingezetenen met een basisverzekering"
Books of Life Toolbox (BOLT),9469,Mark Verhagen,https://orcid.org/0000-0003-2746-0309,,,CBS microdata,,https://github.com/MarkDVerhagen/BooksOfLifeToolkit,Python,"BURENNETWERKTAB|https://doi.org/10.57934/0B01E410807607B7|Burennetwerk; COLLEGANETWERKTAB|https://doi.org/10.57934/0B01E410807607B1|Colleganetwerk; FAMILIENETWERKTAB|https://doi.org/10.57934/0B01E41080760802|Familienetwerk; GBAADRESOBJECTBUS|https://doi.org/10.57934/0B01E410802154D6|Adreskenmerken van personen die in de gemeentelijke bevolkingsregisters ingeschreven (hebben ge)staan; GBABURGERLIJKESTAATBUS|https://doi.org/10.57934/0B01E410802124B1|Burgerlijke staat van in de Gemeentelijke Basisadministratie Persoonsgegevens (GBA) opgenomen personen; GBAHUISHOUDENSBUS|https://doi.org/10.57934/0B01E410802125BB|Huishoudenskenmerken van in de Gemeentelijke Basisadministratie Persoonsgegevens (GBA) ingeschreven personen; GBAMIGRATIEGEBEURTENISBUS|https://doi.org/10.57934/0B01E4108021261A|Migratiekenmerken van personen die in de Gemeentelijke Basisadministratie Persoonsgegevens (GBA) ingeschreven staan, publicatiepopulatie (inclusief nagekomen berichten); GBAPERSOONTAB|https://doi.org/10.57934/0B01E410801F3161|Persoonskenmerken van alle in de Gemeentelijke Basis Administratie (GBA) ingeschreven personen, gecoördineerd; GBAVERBINTENISPARTNERBUS|https://doi.org/10.57934/0B01E410801F93BF|Perioden van verbonden zijn door huwelijk of geregistreerd partnerschap van in de Gemeentelijke Basisadministratie Persoonsgegevens (GBA) ingeschreven personen.; HOOGSTEOPLTAB|https://doi.org/10.57934/0B01E410801FD716|Hoogst behaald en hoogst gevolgd opleidingsniveau en opleidingsrichting van de bevolking in Nederland; HUISGENOTENNETWERKTAB|https://doi.org/10.57934/0B01E4108076077C|Huisgenotennetwerk; INHATAB|https://doi.org/10.57934/0B01E41080371196|Inkomen van huishoudens (revisie 2017); INPATAB|https://doi.org/10.57934/0B01E41080372FBD|Inkomen van personen (revisie 2017); KINDOUDERTAB|https://doi.org/10.57934/0B01E410801F9401|In de Gemeentelijke Basisadministratie Persoonsgegevens (GBA) ingeschreven personen en hun juridische ouders; KLASGENOTENNETWERKTAB|https://doi.org/10.57934/0B01E4108075F996|Klasgenotennetwerk; NABIJHEIDKINDOPVTAB|https://doi.org/10.57934/0B01E41080238887|Nabijheid verblijfsobject en voorzieningen voor kinderopvang; SECMBUS|https://doi.org/10.57934/0B01E410801F627F|Personen sociaaleconomische categorie; SPOLISBUS|https://doi.org/10.57934/0B01E4108024847A|Banen en lonen op basis van de Polisadministratie; VBOWONINGTYPETAB|https://doi.org/10.57934/0B01E4108053C864|Woningtype; VEHTAB|https://doi.org/10.57934/0B01E4108037363F|Vermogens van huishoudens; VSLGWBTAB|https://doi.org/10.57934/0B01E41080236A82|Gemeente-, wijk- en buurtcodes van een verblijfsobject"
Population-based study of poverty and perinatal maternal and child health in the Netherlands,,Nadya Ali,https://orcid.org/0009-0007-7036-5776,SODA fellowship,,CBS microdata,,https://github.com/sodascience/diaper_project,R,
Family Networks and Childcare Choices: A Predictive Machine Learning Approach,,Nicolás Soler,https://orcid.org/0000-0003-1137-1213,NA,https://doi.org/10.31235/osf.io/e7x58_v1,CBS microdata,,https://zenodo.org/records/19189669,Python,
Evaluating the causal relationship between educational attainment and mental health,8590,Perline Demange,https://orcid.org/0000-0002-7061-8354,MAD2022,https://doi.org/10.1101/2023.01.26.23285029,CBS microdata,,https://github.com/PerlineDemange/CBS-MR,R,"GBAPERSOONTAB|https://doi.org/10.57934/0B01E410801F3161|Persoonskenmerken van alle in de Gemeentelijke Basis Administratie (GBA) ingeschreven personen, gecoördineerd; GGZDBCDIAGNOSEHOOFDDIAGTAB|https://doi.org/10.57934/0B01E410805A7FDE|Nevendiagnosen bij Diagnose Behandeling Combinatie-trajecten in de Geestelijke Gezondheidszorg hoofddiagnose; GGZDBCDIAGNOSETAB|https://doi.org/10.57934/0B01E410803852A8|Nevendiagnosen bij Diagnose Behandeling Combinatie-trajecten in de Geestelijke Gezondheidszorg; GGZDBCTRAJECTENHOOFDDIAGTAB|https://doi.org/10.57934/0B01E410805A8376|Geopende Diagnose Behandeling Combinatie-trajecten in de Geestelijke Gezondheidszorg hoofddiagnose; GGZDBCTRAJECTENTAB|https://doi.org/10.57934/0B01E41080385766|Geopende Diagnose Behandeling Combinatie-trajecten in de Geestelijke Gezondheidszorg; HOOGSTEOPLTAB|https://doi.org/10.57934/0B01E410801FD716|Hoogst behaald en hoogst gevolgd opleidingsniveau en opleidingsrichting van de bevolking in Nederland; KINDOUDERTAB|https://doi.org/10.57934/0B01E410801F9401|In de Gemeentelijke Basisadministratie Persoonsgegevens (GBA) ingeschreven personen en hun juridische ouders; ZVWZORGKOSTENTAB|https://doi.org/10.57934/0B01E410803582F7|Zorgkosten van Nederlandse ingezetenen met een basisverzekering"
Increasing the Retirement Age: Policy Effects and Underlying Mechanisms,7716,Simon Rabatè,https://orcid.org/0000-0002-2284-4330,,https://doi.org/10.1257/pol.20210101,CBS microdata,,https://www.openicpsr.org/openicpsr/project/185702/version/V1/view,Stata,"AANVULVERGOEDPERSOONMNDBEDRAGBUS|https://doi.org/10.57934/0B01E410807CC06E|Maandbedragen van personen die van hun werkgever ontslagvergoeding, transitievergoeding of een aanvulling op uitkeringen ontvangen; ABR|https://doi.org/10.57934/0B01E4108046DA46|Kenmerken van bedrijfseenheden; ANWUITKERING1ATAB|https://doi.org/10.57934/0B01E4108027701D|Kenmerken van Anw-uitkeringen; AOTOTMNDBEDRAGBUS|https://doi.org/10.57934/0B01E41080161570|Maandbedragen van personen met een arbeidsongeschiktheids (AO)-uitkering; AOTOTPERSOONBUS|https://doi.org/10.57934/0B01E410801FB199|Kenmerken van uitkeringsperiodes van personen met één of meer (gelijktijdig lopende) arbeidsongeschiktheidsuitkeringen; AOTOTUITKERINGATAB|https://doi.org/10.57934/0B01E41080405825|Kenmerken van uitkeringen voor arbeidsongeschiktheid; AOTOTUITKERINGTAB|https://doi.org/10.57934/0B01E41080222712|Kenmerken van arbeidsongeschiktheidsuitkeringen; AOWUITKERING1ATAB|https://doi.org/10.57934/0B01E4108020980A|Kenmerken van AOW-uitkeringen; AZWWNE_I|https://doi.org/10.57934/0B01E410806CFF41|Werknemersenquête met informatie over werknemers in de zorg- en welzijnssector; BAANKENMERKENBUS|https://doi.org/10.57934/0B01E410801FD687|Kwalitatieve kenmerken van banen van werknemers; BAANSOMMENTAB|https://doi.org/10.57934/0B01E41080217DD0|Kwantitatieve jaargegevens van banen van werknemers; BETAB|https://doi.org/10.57934/0B01E410802129F9|Bedrijven uit de Polisadministratie met hun economische activiteit en grootteklasse; BIGTAB|https://doi.org/10.57934/0B01E410801FEF3F|Inschrijvingen in het register Beroepen In de Gezondheidszorg (BIG-register); BIJSTANDMNDBEDRAGBUS|https://doi.org/10.57934/0B01E4108016162D|Maandbedragen van personen met een bijstandsuitkering; DIPLOMAHOTAB|https://doi.org/10.57934/0B01E41080217E57|Kenmerken van door studenten behaalde diploma's in het hoger onderwijs; DIPLOMAMBOTAB|https://doi.org/10.57934/0B01E410801F5541|Kenmerken van door studenten behaalde diploma's in het middelbaar beroepsonderwijs; GBAADRESOBJECTBUS|https://doi.org/10.57934/0B01E410802154D6|Adreskenmerken van personen die in de gemeentelijke bevolkingsregisters ingeschreven (hebben ge)staan; GBABURGERLIJKESTAATBUS|https://doi.org/10.57934/0B01E410802124B1|Burgerlijke staat van in de Gemeentelijke Basisadministratie Persoonsgegevens (GBA) opgenomen personen; GBAHUISHOUDENSBUS|https://doi.org/10.57934/0B01E410802125BB|Huishoudenskenmerken van in de Gemeentelijke Basisadministratie Persoonsgegevens (GBA) ingeschreven personen; GBAMIGRATIEBUS|https://doi.org/10.57934/0B01E4108021267C|Migratiekenmerken van personen die in de Gemeentelijke Basisadministratie Persoonsgegevens (GBA) ingeschreven staan, gecoördineerd; GBANATIONALITEITBUS|https://doi.org/10.57934/0B01E410802126A6|Nationaliteitskenmerken van alle in de Gemeentelijke Basisadministratie Persoonsgegevens (GBA) ingeschreven personen; GBAOVERLIJDENTAB|https://doi.org/10.57934/0B01E410801F9338|Datum van overlijden van personen die ingeschreven staan in de Gemeentelijke Basisadministratie (GBA); GBAPERSOONTAB|https://doi.org/10.57934/0B01E410801F3161|Persoonskenmerken van alle in de Gemeentelijke Basis Administratie (GBA) ingeschreven personen, gecoördineerd; GEBWLZTAB|https://doi.org/10.57934/0B01E410803A225D|Personen die gebruik hebben gemaakt van bijdrageplichtige Wlz-zorg; GECON|https://doi.org/10.57934/0B01E4108026844E|Gezondheidsenquête: gezondheid, medische contacten, leefstijl en preventief gedrag van de bevolking in Nederland; GEMEENTESTPLTAB|https://doi.org/10.57934/0B01E410803AF9BE|Gemeente Standplaats van de banen in december; GEMSTPLAATSBUS|https://doi.org/10.57934/0B01E41080216927|Gemeentecode Standplaats; GEMSTPLBUS|https://doi.org/10.57934/0B01E4108015CFAA|Baan van een werknemer (definitief, december, Polisadministratie); GEMWIJKSTPLTAB|https://doi.org/10.57934/0B01E4108033318E|Gemeente, wijk en woon-werk afstand van de standplaats van banen in december; HOOGSTEOPLTAB|https://doi.org/10.57934/0B01E410801FD716|Hoogst behaald en hoogst gevolgd opleidingsniveau en opleidingsrichting van de bevolking in Nederland; IHI|https://doi.org/10.57934/0B01E4108021B63D|Inkomen van huishoudens; INHATAB|https://doi.org/10.57934/0B01E41080371196|Inkomen van huishoudens (revisie 2017); INPATAB|https://doi.org/10.57934/0B01E41080372FBD|Inkomen van personen (revisie 2017); INPBEIDTAB|https://doi.org/10.57934/0B01E410803AC673|Bedrijven van ondernemers (revisie 2017); KINDOUDERTAB|https://doi.org/10.57934/0B01E410801F9401|In de Gemeentelijke Basisadministratie Persoonsgegevens (GBA) ingeschreven personen en hun juridische ouders; KOPPELTABELIKVIDBAANRUGIDTAB|https://doi.org/10.57934/0B01E41080215BC4|Koppeltabel inkomstenverhouding volgens UWV en CBS; KOPPELTABELZELFSTANDIGEN|https://doi.org/10.57934/0B01E4108046DBD5|Kenmerken van een CBS-persoon in het Algemeen Bedrijven Register; MEDICIJNTAB|https://doi.org/10.57934/0B01E410801EEE64|Verstrekkingen van geneesmiddelen op 4 posities ATC-code aan personen; MICAOTOTPERSOONBUS|https://doi.org/10.57934/0B01E410801FCA9A|Personen met een arbeidsongeschiktheids (AO)-uitkering; NEA|https://doi.org/10.57934/0B01E4108020485B|Nationale Enquête Arbeidsomstandigheden 2012; NIETGBANATIONALITEITBUS|https://doi.org/10.57934/0B01E410802186EB|Nationaliteit van personen die niet zijn ingeschreven in de Gemeentelijke Basisadministratie Persoonsgegevens; NIETGBAPERSOONTAB|https://doi.org/10.57934/0B01E41080218674|Persoonskenmerken van personen die niet zijn ingeschreven in de Gemeentelijke Basisadministratie Persoonsgegevens (INACTIEF); NIETVSLGWBTAB|https://doi.org/10.57934/0B01E41080222A9C|Gemeente-, wijk- en buurtcodes van aanvullende verblijfsobjecten; ONDERWIJSDEELNEMERSTAB|https://doi.org/10.57934/0B01E410801F54A7|Kenmerken van deelnemers in het onderwijs; ONDERWIJSINSCHRTAB|https://doi.org/10.57934/0B01E410801D0D3F|Kenmerken van inschrijvingen in diverse onderwijssoorten; PARTNERBUS|https://doi.org/10.57934/0B01E410801F942C|Persoonsidentificatiegegevens van alle in de Gemeentelijke Basisadministratie Persoonsgegevens (GBA) ingeschreven personen die op één adres met een partner een (samenwonend) paar vormen; PENSNABESTPERSOONMNDBEDRAGBUS|https://doi.org/10.57934/0B01E410807CA46B|Maandbedragen van personen met nabestaandenpensioen; PENSOVMNDBEDRAGBUS|https://doi.org/10.57934/0B01E410801FD889|Maandbedragen van personen met een pensioenuitkering anders dan AOW of ANW; PENSOVPERSOONBUS|https://doi.org/10.57934/0B01E410801FD8B5|Personen met een pensioenuitkering anders dan AOW of ANW; PENSOVPERSOONMNDBEDRAGBUS|https://doi.org/10.57934/0B01E410803B57A6|Maandbedragen van personen met een pensioen anders dan AOW, ANW of oorlogs- en verzetspensioen; PENSPIJLER2PERSOONMNDBEDRAGBUS|https://doi.org/10.57934/0B01E410807CAD66|Maandbedragen van personen met tweede pijler pensioen; PENSPIJLER3PERSOONMNDBEDRAGBUS|https://doi.org/10.57934/0B01E410807CA464|Maandbedragen van personen met derde pijler pensioen; POLISBUS|https://doi.org/10.57934/0B01E41080246112|Banen en lonen op basis van de Polisadministratie.; POLISLONGBAANTAB|https://doi.org/10.57934/0B01E41080387E31|Koppeltabel longitudinale banen van werknemers op basis van de Polisadministratie.; RKTKINDERENTAB|https://doi.org/10.57934/0B01E41080784E2E|Kinderopvangtoeslag kinderen naar soort kinderopvang; SECMBIJSTMNDBEDRAGBUS|https://doi.org/10.57934/0B01E4108021A4B5|Personen met bijstand in de verslagmaand; SECMBUS|https://doi.org/10.57934/0B01E410801F627F|Personen sociaaleconomische categorie; SECMOVACTMNDBEDRAGBUS|https://doi.org/10.57934/0B01E410802198D5|Personen met inkomen uit overige arbeid in de verslagmaand; SECMPENSIOENMNDBEDRAGBUS|https://doi.org/10.57934/0B01E410802198FA|Personen met pensioen in de verslagmaand; SECMSOCVOORZOVMNDBEDRAGBUS|https://doi.org/10.57934/0B01E41080219901|Personen met een uitkering uit overige sociale voorzieningen in de verslagmaand; SECMWERKLMNDBEDRAGBUS|https://doi.org/10.57934/0B01E41080219921|Personen met een werkloosheidsuitkering in de verslagmaand; SECMWERKNDGAMNDBEDRAGBUS|https://doi.org/10.57934/0B01E41080219944|Personen met loon in de verslagmaand; SECMZIEKTEAOMNDBEDRAGBUS|https://doi.org/10.57934/0B01E4108021994B|Personen met een uitkering bij ziekte of arbeidsongeschiktheid in de verslagmaand; SECMZLFMNDBEDRAGBUS|https://doi.org/10.57934/0B01E4108021996D|Personen met winst in de verslagmaand; SPOLISBUS|https://doi.org/10.57934/0B01E4108024847A|Banen en lonen op basis van de Polisadministratie; SPOLISLONGBAANTAB|https://doi.org/10.57934/0B01E41080388D9D|Koppeltabel longitudinale banen van werknemers op basis van de Polisadministratie; VEHTAB|https://doi.org/10.57934/0B01E4108037363F|Vermogens van huishoudens; VRLGBAOVERLIJDENTAB|https://doi.org/10.57934/0B01E410801F94DE|Datum van overlijden van personen die ingeschreven staan in de Gemeentelijke Basisadministratie Persoonsgegevens (GBA); VSLCOORDTAB|https://doi.org/10.57934/0B01E41080217F6A|X- en Y-coördinaten van een verblijfsobject; VSLGWBTAB|https://doi.org/10.57934/0B01E41080236A82|Gemeente-, wijk- en buurtcodes van een verblijfsobject; VTVPERSOONTAB|https://doi.org/10.57934/0B01E4108036C60C|Volgtijdelijk vergelijkbare Persoon_id's van personen; WMOBUS|https://doi.org/10.57934/0B01E4108039D60F|Kenmerken Wmo maatwerkarrangementen; WWMNDBEDRAGBUS|https://doi.org/10.57934/0B01E410801617E0|Maandbedragen van personen met een Werkloosheidswet (WW)-uitkering; ZELFSTANDIGENMNDBEDRAGBUS|https://doi.org/10.57934/0B01E410801F78EA|Maandbedragen inkomsten uit eigen onderneming van personen; ZELFSTANDIGENTAB|https://doi.org/10.57934/0B01E410802020CE|Personen met inkomsten uit eigen onderneming; ZVWWVPTAB|https://doi.org/10.57934/0B01E410803AFE83|Personen met gebruik van Zvw-Wijkverpleging; ZVWZORGKOSTENTAB|https://doi.org/10.57934/0B01E410803582F7|Zorgkosten van Nederlandse ingezetenen met een basisverzekering; ZWPERSOONMNDBEDRAGBUS|https://doi.org/10.57934/0B01E410803AF60C|Maandbedragen van personen met een Ziektewet-uitkering"
"Money, Birth, Gender: Explaining Unequal Earnings Trajectories following Parenthood",9120,Weverthon Barbosa Machado,https://orcid.org/0000-0001-9919-4738,MAD2021,https://doi.org/10.15195/v10.a14,CBS microdata,,https://osf.io/gmcjv/,R,"ADOPTIEKINDEREN|https://doi.org/10.57934/0B01E410802168E1|Kenmerken van adoptiekinderen; BETAB|https://doi.org/10.57934/0B01E410802129F9|Bedrijven uit de Polisadministratie met hun economische activiteit en grootteklasse; GBAHUISHOUDENSBUS|https://doi.org/10.57934/0B01E410802125BB|Huishoudenskenmerken van in de Gemeentelijke Basisadministratie Persoonsgegevens (GBA) ingeschreven personen; GBAPERSOONTAB|https://doi.org/10.57934/0B01E410801F3161|Persoonskenmerken van alle in de Gemeentelijke Basis Administratie (GBA) ingeschreven personen, gecoördineerd; GBASAMENWONERBUS|https://doi.org/10.57934/0B01E410803F3AF5|Perioden van samenwoning van in de Basisregistratie Personen (BRP) ingeschreven personen die een periode een samenwonend paar vormen; GBAVERBINTENISPARTNERBUS|https://doi.org/10.57934/0B01E410801F93BF|Perioden van verbonden zijn door huwelijk of geregistreerd partnerschap van in de Gemeentelijke Basisadministratie Persoonsgegevens (GBA) ingeschreven personen.; HOOGSTEOPLTAB|https://doi.org/10.57934/0B01E410801FD716|Hoogst behaald en hoogst gevolgd opleidingsniveau en opleidingsrichting van de bevolking in Nederland; INHATAB|https://doi.org/10.57934/0B01E41080371196|Inkomen van huishoudens (revisie 2017); INPATAB|https://doi.org/10.57934/0B01E41080372FBD|Inkomen van personen (revisie 2017); KINDOUDERTAB|https://doi.org/10.57934/0B01E410801F9401|In de Gemeentelijke Basisadministratie Persoonsgegevens (GBA) ingeschreven personen en hun juridische ouders; POLISBUS|https://doi.org/10.57934/0B01E41080246112|Banen en lonen op basis van de Polisadministratie.; PRNL|https://doi.org/10.57934/0B01E410801F2AA5|Perinatale en zuigelingensterfte; SECMBUS|https://doi.org/10.57934/0B01E410801F627F|Personen sociaaleconomische categorie; SPOLISBUS|https://doi.org/10.57934/0B01E4108024847A|Banen en lonen op basis van de Polisadministratie"
What Happens to Workers at Firms that Automate?,8455,Wiljan van den Berge,https://orcid.org/0000-0002-9147-0862,NA,https://doi.org/10.1162/rest_a_01284,CBS microdata,,https://osf.io/k4vjq/,Stata,"ABR|https://doi.org/10.57934/0B01E4108046DA46|Kenmerken van bedrijfseenheden; AOTOTJAARBEDRAGTAB|https://doi.org/10.57934/0B01E41080161525|Jaarbedragen van personen met een arbeidsongeschiktheids (AO)-uitkering; AOTOTUITKERINGATAB|https://doi.org/10.57934/0B01E41080405825|Kenmerken van uitkeringen voor arbeidsongeschiktheid; AOTOTUITKERINGTAB|https://doi.org/10.57934/0B01E41080222712|Kenmerken van arbeidsongeschiktheidsuitkeringen; BAANKENMERKENBUS|https://doi.org/10.57934/0B01E410801FD687|Kwalitatieve kenmerken van banen van werknemers; BAANSOMMENTAB|https://doi.org/10.57934/0B01E41080217DD0|Kwantitatieve jaargegevens van banen van werknemers; BETAB|https://doi.org/10.57934/0B01E410802129F9|Bedrijven uit de Polisadministratie met hun economische activiteit en grootteklasse; BIJSTANDJAARBEDRAGTAB|https://doi.org/10.57934/0B01E410801615EE|Jaarbedragen van personen met een bijstandsuitkering; BIJSTANDUITKERINGTAB|https://doi.org/10.57934/0B01E410801FB42A|Kenmerken van bijstandsuitkeringen; GBAADRESOBJECTBUS|https://doi.org/10.57934/0B01E410802154D6|Adreskenmerken van personen die in de gemeentelijke bevolkingsregisters ingeschreven (hebben ge)staan; GBAHUISHOUDENSBUS|https://doi.org/10.57934/0B01E410802125BB|Huishoudenskenmerken van in de Gemeentelijke Basisadministratie Persoonsgegevens (GBA) ingeschreven personen; GBAPERSOONTAB|https://doi.org/10.57934/0B01E410801F3161|Persoonskenmerken van alle in de Gemeentelijke Basis Administratie (GBA) ingeschreven personen, gecoördineerd; GEMEENTESTPLTAB|https://doi.org/10.57934/0B01E410803AF9BE|Gemeente Standplaats van de banen in december; GEMSTPLAATSBUS|https://doi.org/10.57934/0B01E41080216927|Gemeentecode Standplaats; GEMSTPLBUS|https://doi.org/10.57934/0B01E4108015CFAA|Baan van een werknemer (definitief, december, Polisadministratie); HOOGSTEOPLTAB|https://doi.org/10.57934/0B01E410801FD716|Hoogst behaald en hoogst gevolgd opleidingsniveau en opleidingsrichting van de bevolking in Nederland; IHG|https://doi.org/10.57934/0B01E410802212E4|Internationale Handel in Goederen: In-, uit- en wederuitvoergegevens per land en goederensoort.; IHI|https://doi.org/10.57934/0B01E4108021B63D|Inkomen van huishoudens; INHATAB|https://doi.org/10.57934/0B01E41080371196|Inkomen van huishoudens (revisie 2017); INPATAB|https://doi.org/10.57934/0B01E41080372FBD|Inkomen van personen (revisie 2017); INVESTERINGEN|https://doi.org/10.57934/0B01E410801E65ED|Regionale totale investeringen in materiële vaste activa bij niet-financiële bedrijven.; NEA|https://doi.org/10.57934/0B01E4108020485B|Nationale Enquête Arbeidsomstandigheden 2012; NFO|https://doi.org/10.57934/0B01E410802075E4|Statistiek financiën van Ondernemingen (NFO). Waardes van balans en resultatenrekening van de niet financiële ondernemingen.; NIETVSLGWBTAB|https://doi.org/10.57934/0B01E41080222A9C|Gemeente-, wijk- en buurtcodes van aanvullende verblijfsobjecten; ONDERWIJSINSCHRTAB|https://doi.org/10.57934/0B01E410801D0D3F|Kenmerken van inschrijvingen in diverse onderwijssoorten; POLISBUS|https://doi.org/10.57934/0B01E41080246112|Banen en lonen op basis van de Polisadministratie.; PS_BOUWNIJVERHEID|https://doi.org/10.57934/0B01E410800285E2|Productiestatistiek Bouwnijverheid; PS_COMMERCIELEDIENSTEN|https://doi.org/10.57934/0B01E4108002CCB9|Productiestatistiek Commerciële dienstverlening; PS_DETAILHANDEL|https://doi.org/10.57934/0B01E4108001D345|Productiestatistiek Detailhandel; PS_GROOTHANDEL|https://doi.org/10.57934/0B01E41080029CCF|Productiestatistiek Groothandel en handelsbemiddeling; PS_INDUSTRIE|https://doi.org/10.57934/0B01E4108002CCBB|Productiestatistiek Industrie; PS_TRANSPORT|https://doi.org/10.57934/0B01E4108002CCBD|Productiestatistiek Transport; SECMBUS|https://doi.org/10.57934/0B01E410801F627F|Personen sociaaleconomische categorie; SPOLISBUS|https://doi.org/10.57934/0B01E4108024847A|Banen en lonen op basis van de Polisadministratie; UWVONTAANVTAB|https://doi.org/10.57934/0B01E410801FD90A|Ontslagaanvragen bij het Uitvoeringsinstituut Werknemersverzekeringen (UWV); VSLGWBTAB|https://doi.org/10.57934/0B01E41080236A82|Gemeente-, wijk- en buurtcodes van een verblijfsobject; VSLPOSTCODEBUS|https://doi.org/10.57934/0B01E41080218290|Numerieke postcode van een verblijfsobject; VTVPERSOONTAB|https://doi.org/10.57934/0B01E4108036C60C|Volgtijdelijk vergelijkbare Persoon_id's van personen; WUSUITKERING1ATAB|https://doi.org/10.57934/0B01E410801FB63C|Kenmerken van werkloosheidsuitkeringen; WWJAARBEDRAGTAB|https://doi.org/10.57934/0B01E410801617A6|Jaarbedragen van personen met een Werkloosheidswet (WW)-uitkering; ZELFSTANDIGENMNDBEDRAGBUS|https://doi.org/10.57934/0B01E410801F78EA|Maandbedragen inkomsten uit eigen onderneming van personen"
Inequalities in early childcare strategies: Evidence from Dutch administrative data,9314,Tom Emery,https://orcid.org/0000-0001-6137-9577,NA,https://doi.org/10.1016/j.alcr.2026.100727,CBS microdata,,https://doi.org/10.5281/zenodo.19453124,R,"BURENNETWERKTAB|https://doi.org/10.57934/0B01E410807607B7|Burennetwerk; COLLEGANETWERKTAB|https://doi.org/10.57934/0B01E410807607B1|Colleganetwerk; FAMILIENETWERKTAB|https://doi.org/10.57934/0B01E41080760802|Familienetwerk; GBAADRESOBJECTBUS|https://doi.org/10.57934/0B01E410802154D6|Adreskenmerken van personen die in de gemeentelijke bevolkingsregisters ingeschreven (hebben ge)staan; GBAOVERLIJDENTAB|https://doi.org/10.57934/0B01E410801F9338|Datum van overlijden van personen die ingeschreven staan in de Gemeentelijke Basisadministratie (GBA); GBAPERSOONTAB|https://doi.org/10.57934/0B01E410801F3161|Persoonskenmerken van alle in de Gemeentelijke Basis Administratie (GBA) ingeschreven personen, gecoördineerd; GBASAMENWONERBUS|https://doi.org/10.57934/0B01E410803F3AF5|Perioden van samenwoning van in de Basisregistratie Personen (BRP) ingeschreven personen die een periode een samenwonend paar vormen; GBAVERBINTENISPARTNERBUS|https://doi.org/10.57934/0B01E410801F93BF|Perioden van verbonden zijn door huwelijk of geregistreerd partnerschap van in de Gemeentelijke Basisadministratie Persoonsgegevens (GBA) ingeschreven personen.; HDIPLOMAREGTAB|https://doi.org/10.57934/0B01E410801FEF57|Hoogst behaalde diploma op basis van onderwijsregistraties; HUISGENOTENNETWERKTAB|https://doi.org/10.57934/0B01E4108076077C|Huisgenotennetwerk; INPATAB|https://doi.org/10.57934/0B01E41080372FBD|Inkomen van personen (revisie 2017); KINDEROPVANGLOCATIES|https://doi.org/10.57934/0B01E4108052E4F2|Kenmerken van kinderopvanglocaties; KINDOUDERTAB|https://doi.org/10.57934/0B01E410801F9401|In de Gemeentelijke Basisadministratie Persoonsgegevens (GBA) ingeschreven personen en hun juridische ouders; KLASGENOTENNETWERKTAB|https://doi.org/10.57934/0B01E4108075F996|Klasgenotennetwerk; POLISBUS|https://doi.org/10.57934/0B01E41080246112|Banen en lonen op basis van de Polisadministratie.; POLISHOOFDBAANBUS|https://doi.org/10.57934/0B01E41080277932|Hoofdbaan van werknemers op basis van Polisadministratie.; POLISLONGBAANTAB|https://doi.org/10.57934/0B01E41080387E31|Koppeltabel longitudinale banen van werknemers op basis van de Polisadministratie.; RKTKINDERENTAB|https://doi.org/10.57934/0B01E41080784E2E|Kinderopvangtoeslag kinderen naar soort kinderopvang; RKTONTVANGERSTAB|https://doi.org/10.57934/0B01E41080784E4C|Kinderopvangtoeslag en kosten per ontvanger; SECMBUS|https://doi.org/10.57934/0B01E410801F627F|Personen sociaaleconomische categorie; SPOLISBUS|https://doi.org/10.57934/0B01E4108024847A|Banen en lonen op basis van de Polisadministratie; SPOLISHOOFDBAANBUS|https://doi.org/10.57934/0B01E41080277938|Hoofdbaan van werknemers op basis van Polisadministratie; SPOLISLONGBAANTAB|https://doi.org/10.57934/0B01E41080388D9D|Koppeltabel longitudinale banen van werknemers op basis van de Polisadministratie; VEHTAB|https://doi.org/10.57934/0B01E4108037363F|Vermogens van huishoudens; VSLGWBTAB|https://doi.org/10.57934/0B01E41080236A82|Gemeente-, wijk- en buurtcodes van een verblijfsobject; ZELFSTANDIGENMNDBEDRAGBUS|https://doi.org/10.57934/0B01E410801F78EA|Maandbedragen inkomsten uit eigen onderneming van personen; ZVWZORGKOSTENTAB|https://doi.org/10.57934/0B01E410803582F7|Zorgkosten van Nederlandse ingezetenen met een basisverzekering"
Stakeholder perspectives on payment reform in maternity care in the Netherlands: A Q-methodology study,,Zoë Scheefhals,https://orcid.org/0000-0001-6404-9936,NA,https://doi.org/10.1016/j.socscimed.2023.116413,CBS microdata; DIAPER,,https://github.com/rivm-syso/DIAPER/tree/main/Papers/stakeholder_perspectives_on_payment_reform_in_maternity_care_in_the_netherlands_a_q-methodology_study/Scripts,Stata,
